Workbook
Name Registros: ABA!$A$13:$AP$500
Name Tentativas: ABA!$A$10:$AP$500

Sheet ABA
A1: PLANILHA DE REGISTRO DOS ATENDIMENTOS | P1: LEGENDA | AT1: Parâmetros
P2: Nota | Q2: Peso | R2: Descrição
P3: A | Q3: 1 | R3: Sem auxilio | AU3: Período (*) | BB3: Recurso (-) | BI3: Sequência necessária para adquirir (+)
D4: Paciente: | P4: B+ | Q4: 0.7 | R4: Com menos ajuda | AU4: Todo o período | BB4: Esperar | BI4: 3
D5: Responsável: | P5: B- | Q5: 0.5 | R5: Com mais ajuda
D6: Observação: | P6: C | Q6: 0 | R6: Não realizou
A9: Habilidade de curto prazo | AT9: ="Análises "&A9 -> Análises Habilidade de curto prazo | CB9: Progresso segmentado por recurso | CM9: Adquirimento de recurso
B10: Vinculo Emocional | F10: Contato Visual | J10: Permanecer sentado na cadeira | N10: Esperar | R10: Seguir instruções de um passo | AP10: % | AQ10: Média Geral | CM10: Data | CN10: =IF(XLOOKUP("Sim",CN13:CN500,CN13:CN500,,0)="Sim","Recurso Adquirido","Não Adquirido") -> Recurso Adquirido | CO10: =IF(XLOOKUP("Sim",CO13:CO500,CO13:CO500,,0)="Sim","Recurso Adquirido","Não Adquirido") -> Não Adquirido | CP10: =IF(XLOOKUP("Sim",CP13:CP500,CP13:CP500,,0)="Sim","Recurso Adquirido","Não Adquirido") -> Não Adquirido | CQ10: =IF(XLOOKUP("Sim",CQ13:CQ500,CQ13:CQ500,,0)="Sim","Recurso Adquirido","Não Adquirido") -> Recurso Adquirido | CR10: =IF(XLOOKUP("Sim",CR13:CR500,CR13:CR500,,0)="Sim","Recurso Adquirido","Não Adquirido") -> Recurso Adquirido | CS10: =IF(XLOOKUP("Sim",CS13:CS500,CS13:CS500,,0)="Sim","Recurso Adquirido","Não Adquirido") -> Não Adquirido | CT10: =IF(XLOOKUP("Sim",CT13:CT500,CT13:CT500,,0)="Sim","Recurso Adquirido","Não Adquirido") -> Não Adquirido | CU10: =IF(XLOOKUP("Sim",CU13:CU500,CU13:CU500,,0)="Sim","Recurso Adquirido","Não Adquirido") -> Não Adquirido | ... CW10: =IF(XLOOKUP("Sim",CW13:CW500,CW13:CW500,,0)="Sim","Recurso Adquirido","Não Adquirido") -> Não Adquirido | DB10: Base para os gráficos
A11: Peso do recurso | AQ11: =IFERROR(AVERAGE(AP:AP),0) -> 0.84738889 | DU11: Está espelhado contra os lançamentos
A12: Data | B12: =$P$3 -> A | C12: =$P$4 -> B+ | D12: =$P$5 -> B- | E12: =$P$6 -> C | F12: =$P$3 -> A | G12: =$P$4 -> B+ | H12: =$P$5 -> B- | I12: =$P$6 -> C | J12: =$P$3 -> A | K12: =$P$4 -> B+ | L12: =$P$5 -> B- | M12: =$P$6 -> C | N12: =$P$3 -> A | O12: =$P$4 -> B+ | P12: =$P$5 -> B- | Q12: =$P$6 -> C | R12: =$P$3 -> A | S12: =$P$4 -> B+ | T12: =$P$5 -> B- | U12: =$P$6 -> C | V12: =$P$3 -> A | W12: =$P$4 -> B+ | X12: =$P$5 -> B- | Y12: =$P$6 -> C | Z12: =$P$3 -> A | AA12: =$P$4 -> B+ | AB12: =$P$5 -> B- | AC12: =$P$6 -> C | AD12: =$P$3 -> A | AE12: =$P$4 -> B+ | AF12: =$P$5 -> B- | AG12: =$P$6 -> C | AH12: =$P$3 -> A | AI12: =$P$4 -> B+ | AJ12: =$P$5 -> B- | AK12: =$P$6 -> C | AL12: =$P$3 -> A | AM12: =$P$4 -> B+ | AN12: =$P$5 -> B- | AO12: =$P$6 -> C | CB12: Data | CC12: =$B$10 -> Vinculo Emocional | CD12: =$F$10 -> Contato Visual | CE12: =$J$10 -> Permanecer sentado na cadeira | CF12: =$N$10 -> Esperar | CG12: =$R$10 -> Seguir instruções de um passo | CH12: =$V$10 | CI12: =$Z$10 | CJ12: =$AD$10 | CK12: =$AH$10 | CL12: =$AL$10 | CN12: =$B$10 -> Vinculo Emocional | CO12: =$F$10 -> Contato Visual | CP12: =$J$10 -> Permanecer sentado na cadeira | CQ12: =$N$10 -> Esperar | CR12: =$R$10 -> Seguir instruções de um passo | CS12: =$V$10 | CT12: =$Z$10 | CU12: =$AD$10 | CV12: =$AH$10 | CW12: =$AL$10 | DU12: Lançamento | DV12: Mês | DW12: Num Mês
A13: 45658 | F13: 1 | G13: 3 | K13: 2 | L13: 1 | N13: 1 | AP13: =IFERROR(AVERAGE(CC13,CD13,CE13,CF13,CG13,CH13,CI13,CJ13,CK13,CL13),"") -> 0.80277778 | CB13: =A13 -> 45658 | CC13: =IFERROR(((B13*(IF(B$11="",INDEX($P$3:$Q$6,MATCH($B$12,$P$3:$P$6,0),2),B$11)))+(C13*(IF(C$11="",INDEX($P$3:$Q$6,MATCH($C$12,$P$3:$P$6,0),2),C$11)))+(D13*IF(D$11="",INDEX($P$3:$Q$6,MATCH($D$12,$P$3:$P$6,0),2),D$11))+(E13*IF(E$11="",INDEX($P$3:$Q$6,MATCH($E$12,$P$3:$P$6,0),2),E$11)))/SUM(B13:E13),"") | CD13: =IFERROR(((F13*(IF(F$11="",INDEX($P$3:$Q$6,MATCH($B$12,$P$3:$P$6,0),2),F$11)))+(G13*(IF(G$11="",INDEX($P$3:$Q$6,MATCH($C$12,$P$3:$P$6,0),2),G$11)))+(H13*IF(H$11="",INDEX($P$3:$Q$6,MATCH($D$12,$P$3:$P$6,0),2),H$11))+(I13*IF(I$11="",INDEX($P$3:$Q$6,MATCH($E$12,$P$3:$P$6,0),2),I$11)))/SUM(F13:I13),"") -> 0.775 | CE13: =IFERROR(((J13*(IF(J$11="",INDEX($P$3:$Q$6,MATCH($B$12,$P$3:$P$6,0),2),J$11)))+(K13*(IF(K$11="",INDEX($P$3:$Q$6,MATCH($C$12,$P$3:$P$6,0),2),K$11)))+(L13*IF(L$11="",INDEX($P$3:$Q$6,MATCH($D$12,$P$3:$P$6,0),2),L$11))+(M13*IF(M$11="",INDEX($P$3:$Q$6,MATCH($E$12,$P$3:$P$6,0),2),M$11)))/SUM(J13:M13),"") -> 0.63333333 | CF13: =IFERROR(((N13*(IF(N$11="",INDEX($P$3:$Q$6,MATCH($B$12,$P$3:$P$6,0),2),N$11)))+(O13*(IF(O$11="",INDEX($P$3:$Q$6,MATCH($C$12,$P$3:$P$6,0),2),O$11)))+(P13*IF(P$11="",INDEX($P$3:$Q$6,MATCH($D$12,$P$3:$P$6,0),2),P$11))+(Q13*IF(Q$11="",INDEX($P$3:$Q$6,MATCH($E$12,$P$3:$P$6,0),2),Q$11)))/SUM(N13:Q13),"") -> 1 | CG13: =IFERROR(((R13*(IF(R$11="",INDEX($P$3:$Q$6,MATCH($B$12,$P$3:$P$6,0),2),R$11)))+(S13*(IF(S$11="",INDEX($P$3:$Q$6,MATCH($C$12,$P$3:$P$6,0),2),S$11)))+(T13*IF(T$11="",INDEX($P$3:$Q$6,MATCH($D$12,$P$3:$P$6,0),2),T$11))+(U13*IF(U$11="",INDEX($P$3:$Q$6,MATCH($E$12,$P$3:$P$6,0),2),U$11)))/SUM(R13:U13),"") | CH13: =IFERROR(((V13*(IF(V$11="",INDEX($P$3:$Q$6,MATCH($B$12,$P$3:$P$6,0),2),V$11)))+(W13*(IF(W$11="",INDEX($P$3:$Q$6,MATCH($C$12,$P$3:$P$6,0),2),W$11)))+(X13*IF(X$11="",INDEX($P$3:$Q$6,MATCH($D$12,$P$3:$P$6,0),2),X$11))+(Y13*IF(Y$11="",INDEX($P$3:$Q$6,MATCH($E$12,$P$3:$P$6,0),2),Y$11)))/SUM(V13:Y13),"") | CI13: =IFERROR(((Z13*(IF(Z$11="",INDEX($P$3:$Q$6,MATCH($B$12,$P$3:$P$6,0),2),Z$11)))+(AA13*(IF(AA$11="",INDEX($P$3:$Q$6,MATCH($C$12,$P$3:$P$6,0),2),AA$11)))+(AB13*IF(AB$11="",INDEX($P$3:$Q$6,MATCH($D$12,$P$3:$P$6,0),2),AB$11))+(AC13*IF(AC$11="",INDEX($P$3:$Q$6,MATCH($E$12,$P$3:$P$6,0),2),AC$11)))/SUM(Z13:AC13),"") | CJ13: =IFERROR(((AD13*(IF(AD$11="",INDEX($P$3:$Q$6,MATCH($B$12,$P$3:$P$6,0),2),AD$11)))+(AE13*(IF(AE$11="",INDEX($P$3:$Q$6,MATCH($C$12,$P$3:$P$6,0),2),AE$11)))+(AF13*IF(AF$11="",INDEX($P$3:$Q$6,MATCH($D$12,$P$3:$P$6,0),2),AF$11))+(AG13*IF(AG$11="",INDEX($P$3:$Q$6,MATCH($E$12,$P$3:$P$6,0),2),L$11)))/SUM(AD13:AG13),"") | CK13: =IFERROR(((AH13*(IF(AH$11="",INDEX($P$3:$Q$6,MATCH($B$12,$P$3:$P$6,0),2),AH$11)))+(AI13*(IF(AI$11="",INDEX($P$3:$Q$6,MATCH($C$12,$P$3:$P$6,0),2),AI$11)))+(AJ13*IF(AJ$11="",INDEX($P$3:$Q$6,MATCH($D$12,$P$3:$P$6,0),2),AJ$11))+(AK13*IF(AK$11="",INDEX($P$3:$Q$6,MATCH($E$12,$P$3:$P$6,0),2),AK$11)))/SUM(AH13:AK13),"") | CL13: =IFERROR(((AL13*(IF(AL$11="",INDEX($P$3:$Q$6,MATCH($B$12,$P$3:$P$6,0),2),AL$11)))+(AM13*(IF(AM$11="",INDEX($P$3:$Q$6,MATCH($C$12,$P$3:$P$6,0),2),AM$11)))+(AN13*IF(AN$11="",INDEX($P$3:$Q$6,MATCH($D$12,$P$3:$P$6,0),2),AN$11))+(AO13*IF(AO$11="",INDEX($P$3:$Q$6,MATCH($E$12,$P$3:$P$6,0),2),AO$11)))/SUM(AL13:AO13),"") | CM13: =A13 -> 45658 | CN13: {=IF(AND(SUM(INDIRECT("CC"&ROW(CC14) - $BI$4&":CC" & ROW(CC13)))=$BI$4,$CM13<>""),"Sim","")} | CO13: =IF(AND(SUM(INDIRECT("CD"&ROW(CD14) - $BI$4&":CD" & ROW(CD13)))=$BI$4,$CM13<>""),"Sim","") | CP13: =IF(AND(SUM(INDIRECT("CE"&ROW(CE14) - $BI$4&":CE" & ROW(CE13)))=$BI$4,$CM13<>""),"Sim","") | CQ13: =IF(AND(SUM(INDIRECT("CF"&ROW(CF14) - $BI$4&":CF" & ROW(CF13)))=$BI$4,$CM13<>""),"Sim","") | CR13: =IF(AND(SUM(INDIRECT("CG"&ROW(CG14) - $BI$4&":CG" & ROW(CG13)))=$BI$4,$CM13<>""),"Sim","") | CS13: =IF(AND(SUM(INDIRECT("CH"&ROW(CH14) - $BI$4&":CH" & ROW(CH13)))=$BI$4,$CM13<>""),"Sim","") | CT13: =IF(AND(SUM(INDIRECT("CI"&ROW(CI14) - $BI$4&":CI" & ROW(CI13)))=$BI$4,$CM13<>""),"Sim","") | CU13: =IF(AND(SUM(INDIRECT("CJ"&ROW(CJ14) - $BI$4&":CJ" & ROW(CJ13)))=$BI$4,$CM13<>""),"Sim","") | CV13: =IF(AND(SUM(INDIRECT("CK"&ROW(CK14) - $BI$4&":CK" & ROW(CK13)))=$BI$4,$CM13<>""),"Sim","") | CW13: =IF(AND(SUM(INDIRECT("CL"&ROW(CL14) - $BI$4&":CL" & ROW(CL13)))=$BI$4,$CM13<>""),"Sim","") | DB13: =IF(DD13<>"","Jan.","") -> Jan. | DC13: 1 | DD13: =IFERROR(__xludf.DUMMYFUNCTION("IFERROR(AVERAGE(FILTER(INDIRECT(ADDRESS(13, (MATCH($BB$4, $12:$12, 0))) & "":"" & ADDRESS(1000, (MATCH($BB$4, $12:$12, 0)))), $DW$13:$DW$500 = DC13,$A$13:$A$500 >= $DQ$25,$A$13:$A$500 <= $DQ$26)),"""") "),1.0) -> 1 | DF13: Habilidade | DG13: Média Geral | DI13: Recurso | DJ13: Status | DK13: Atingiu | DM13: Habilidade | DN13: Média Geral | DP13: Todo o período | DQ13: 2 | DU13: =A13 -> 45658 | DV13: =ABA!$A13 -> 45658 | DW13: =IF(DV13<>"",MONTH(DV13),"") -> 1
A14: 45689 | B14: 1 | G14: 4 | J14: 4 | L14: 1 | N14: 1 | R14: 1 | AP14: =IFERROR(AVERAGE(CC14,CD14,CE14,CF14,CG14,CH14,CI14,CJ14,CK14,CL14),"") -> 0.92 | CB14: =A14 -> 45689 | CC14: =IFERROR(((B14*(IF(B$11="",INDEX($P$3:$Q$6,MATCH($B$12,$P$3:$P$6,0),2),B$11)))+(C14*(IF(C$11="",INDEX($P$3:$Q$6,MATCH($C$12,$P$3:$P$6,0),2),C$11)))+(D14*IF(D$11="",INDEX($P$3:$Q$6,MATCH($D$12,$P$3:$P$6,0),2),D$11))+(E14*IF(E$11="",INDEX($P$3:$Q$6,MATCH($E$12,$P$3:$P$6,0),2),E$11)))/SUM(B14:E14),"") -> 1 | CD14: =IFERROR(((F14*(IF(F$11="",INDEX($P$3:$Q$6,MATCH($B$12,$P$3:$P$6,0),2),F$11)))+(G14*(IF(G$11="",INDEX($P$3:$Q$6,MATCH($C$12,$P$3:$P$6,0),2),G$11)))+(H14*IF(H$11="",INDEX($P$3:$Q$6,MATCH($D$12,$P$3:$P$6,0),2),H$11))+(I14*IF(I$11="",INDEX($P$3:$Q$6,MATCH($E$12,$P$3:$P$6,0),2),I$11)))/SUM(F14:I14),"") -> 0.7 | CE14: =IFERROR(((J14*(IF(J$11="",INDEX($P$3:$Q$6,MATCH($B$12,$P$3:$P$6,0),2),J$11)))+(K14*(IF(K$11="",INDEX($P$3:$Q$6,MATCH($C$12,$P$3:$P$6,0),2),K$11)))+(L14*IF(L$11="",INDEX($P$3:$Q$6,MATCH($D$12,$P$3:$P$6,0),2),L$11))+(M14*IF(M$11="",INDEX($P$3:$Q$6,MATCH($E$12,$P$3:$P$6,0),2),M$11)))/SUM(J14:M14),"") -> 0.9 | CF14: =IFERROR(((N14*(IF(N$11="",INDEX($P$3:$Q$6,MATCH($B$12,$P$3:$P$6,0),2),N$11)))+(O14*(IF(O$11="",INDEX($P$3:$Q$6,MATCH($C$12,$P$3:$P$6,0),2),O$11)))+(P14*IF(P$11="",INDEX($P$3:$Q$6,MATCH($D$12,$P$3:$P$6,0),2),P$11))+(Q14*IF(Q$11="",INDEX($P$3:$Q$6,MATCH($E$12,$P$3:$P$6,0),2),Q$11)))/SUM(N14:Q14),"") -> 1 | CG14: =IFERROR(((R14*(IF(R$11="",INDEX($P$3:$Q$6,MATCH($B$12,$P$3:$P$6,0),2),R$11)))+(S14*(IF(S$11="",INDEX($P$3:$Q$6,MATCH($C$12,$P$3:$P$6,0),2),S$11)))+(T14*IF(T$11="",INDEX($P$3:$Q$6,MATCH($D$12,$P$3:$P$6,0),2),T$11))+(U14*IF(U$11="",INDEX($P$3:$Q$6,MATCH($E$12,$P$3:$P$6,0),2),U$11)))/SUM(R14:U14),"") -> 1 | CH14: =IFERROR(((V14*(IF(V$11="",INDEX($P$3:$Q$6,MATCH($B$12,$P$3:$P$6,0),2),V$11)))+(W14*(IF(W$11="",INDEX($P$3:$Q$6,MATCH($C$12,$P$3:$P$6,0),2),W$11)))+(X14*IF(X$11="",INDEX($P$3:$Q$6,MATCH($D$12,$P$3:$P$6,0),2),X$11))+(Y14*IF(Y$11="",INDEX($P$3:$Q$6,MATCH($E$12,$P$3:$P$6,0),2),Y$11)))/SUM(V14:Y14),"") | CI14: =IFERROR(((Z14*(IF(Z$11="",INDEX($P$3:$Q$6,MATCH($B$12,$P$3:$P$6,0),2),Z$11)))+(AA14*(IF(AA$11="",INDEX($P$3:$Q$6,MATCH($C$12,$P$3:$P$6,0),2),AA$11)))+(AB14*IF(AB$11="",INDEX($P$3:$Q$6,MATCH($D$12,$P$3:$P$6,0),2),AB$11))+(AC14*IF(AC$11="",INDEX($P$3:$Q$6,MATCH($E$12,$P$3:$P$6,0),2),AC$11)))/SUM(Z14:AC14),"") | CJ14: =IFERROR(((AD14*(IF(AD$11="",INDEX($P$3:$Q$6,MATCH($B$12,$P$3:$P$6,0),2),AD$11)))+(AE14*(IF(AE$11="",INDEX($P$3:$Q$6,MATCH($C$12,$P$3:$P$6,0),2),AE$11)))+(AF14*IF(AF$11="",INDEX($P$3:$Q$6,MATCH($D$12,$P$3:$P$6,0),2),AF$11))+(AG14*IF(AG$11="",INDEX($P$3:$Q$6,MATCH($E$12,$P$3:$P$6,0),2),L$11)))/SUM(AD14:AG14),"") | CK14: =IFERROR(((AH14*(IF(AH$11="",INDEX($P$3:$Q$6,MATCH($B$12,$P$3:$P$6,0),2),AH$11)))+(AI14*(IF(AI$11="",INDEX($P$3:$Q$6,MATCH($C$12,$P$3:$P$6,0),2),AI$11)))+(AJ14*IF(AJ$11="",INDEX($P$3:$Q$6,MATCH($D$12,$P$3:$P$6,0),2),AJ$11))+(AK14*IF(AK$11="",INDEX($P$3:$Q$6,MATCH($E$12,$P$3:$P$6,0),2),AK$11)))/SUM(AH14:AK14),"") | CL14: =IFERROR(((AL14*(IF(AL$11="",INDEX($P$3:$Q$6,MATCH($B$12,$P$3:$P$6,0),2),AL$11)))+(AM14*(IF(AM$11="",INDEX($P$3:$Q$6,MATCH($C$12,$P$3:$P$6,0),2),AM$11)))+(AN14*IF(AN$11="",INDEX($P$3:$Q$6,MATCH($D$12,$P$3:$P$6,0),2),AN$11))+(AO14*IF(AO$11="",INDEX($P$3:$Q$6,MATCH($E$12,$P$3:$P$6,0),2),AO$11)))/SUM(AL14:AO14),"") | CM14: =A14 -> 45689 | CN14: =IF(AND(SUM(INDIRECT("CC"&ROW(CC15) - $BI$4&":CC" & ROW(CC14)))=$BI$4,CM14<>""),"Sim","") | CO14: =IF(AND(SUM(INDIRECT("CD"&ROW(CD15) - $BI$4&":CD" & ROW(CD14)))=$BI$4,$CM14<>""),"Sim","") | CP14: =IF(AND(SUM(INDIRECT("CE"&ROW(CE15) - $BI$4&":CE" & ROW(CE14)))=$BI$4,$CM14<>""),"Sim","") | CQ14: =IF(AND(SUM(INDIRECT("CF"&ROW(CF15) - $BI$4&":CF" & ROW(CF14)))=$BI$4,$CM14<>""),"Sim","") | CR14: =IF(AND(SUM(INDIRECT("CG"&ROW(CG15) - $BI$4&":CG" & ROW(CG14)))=$BI$4,$CM14<>""),"Sim","") | CS14: =IF(AND(SUM(INDIRECT("CH"&ROW(CH15) - $BI$4&":CH" & ROW(CH14)))=$BI$4,$CM14<>""),"Sim","") | CT14: =IF(AND(SUM(INDIRECT("CI"&ROW(CI15) - $BI$4&":CI" & ROW(CI14)))=$BI$4,$CM14<>""),"Sim","") | CU14: =IF(AND(SUM(INDIRECT("CJ"&ROW(CJ15) - $BI$4&":CJ" & ROW(CJ14)))=$BI$4,$CM14<>""),"Sim","") | CV14: =IF(AND(SUM(INDIRECT("CK"&ROW(CK15) - $BI$4&":CK" & ROW(CK14)))=$BI$4,$CM14<>""),"Sim","") | CW14: =IF(AND(SUM(INDIRECT("CL"&ROW(CL15) - $BI$4&":CL" & ROW(CL14)))=$BI$4,$CM14<>""),"Sim","") | DB14: =IF(DD14<>"","Fev.","") -> Fev. | DC14: 2 | DD14: =IFERROR(__xludf.DUMMYFUNCTION("IFERROR(AVERAGE(FILTER(INDIRECT(ADDRESS(13, (MATCH($BB$4, $12:$12, 0))) & "":"" & ADDRESS(1000, (MATCH($BB$4, $12:$12, 0)))), $DW$13:$DW$500 = DC14,$A$13:$A$500 >= $DQ$25,$A$13:$A$500 <= $DQ$26)),"""") "),1.0) -> 1 | DF14: =$B10 -> Vinculo Emocional | DG14: =IFERROR(__xludf.DUMMYFUNCTION("IFERROR(AVERAGE(FILTER(INDIRECT(ADDRESS(13,(MATCH(DF14,$12:$12,0))) & "":"" & ADDRESS(1000, (MATCH(DF14,$12:$12,0)))),$A$13:$A$500 >= $DQ$25,$A$13:$A$500 <= $DQ$26)),"""")"),1.0) -> 1 | DI14: =IF(DK14=1,$B10,"") -> Vinculo Emocional | DJ14: =IF(INDEX($CN$10:$CW$12,1,ROW(BV1))="Recurso Adquirido",INDEX($CN$10:$CW$12,1,ROW(BV1)),"") -> Recurso Adquirido | DK14: =IF(DJ14="Recurso Adquirido",1,"") -> 1 | DM14: =$B10 -> Vinculo Emocional | DN14: =IFERROR(__xludf.DUMMYFUNCTION("IFERROR(AVERAGE(FILTER(INDIRECT(ADDRESS(13, (MATCH(DM14, $12:$12, 0))) & "":"" & ADDRESS(1000, (MATCH(DM14, $12:$12, 0)))), $A$13:$A$500 > (DATE(YEAR((TODAY()-(30*2))),MONTH((TODAY()-(30*2))),1)))),"""") "),"") | DP14: Últimos 6 meses | DQ14: =DATE(YEAR((TODAY()-(150))),MONTH((TODAY()-(150))),1) -> 46082 | DS14: =DATE(YEAR((TODAY()-(30*2))),MONTH((TODAY()-(30*2))),1) -> 46174 | DU14: =A14 -> 45689 | DV14: =ABA!$A14 -> 45689 | DW14: =IF(DV14<>"",MONTH(DV14),"") -> 2
A15: 45717 | B15: 1 | F15: 1 | H15: 2 | I15: 1 | L15: 1 | M15: 3 | N15: 1 | R15: 1 | AP15: =IFERROR(AVERAGE(CC15,CD15,CE15,CF15,CG15,CH15,CI15,CJ15,CK15,CL15),"") -> 0.725 | CB15: =A15 -> 45717 | CC15: =IFERROR(((B15*(IF(B$11="",INDEX($P$3:$Q$6,MATCH($B$12,$P$3:$P$6,0),2),B$11)))+(C15*(IF(C$11="",INDEX($P$3:$Q$6,MATCH($C$12,$P$3:$P$6,0),2),C$11)))+(D15*IF(D$11="",INDEX($P$3:$Q$6,MATCH($D$12,$P$3:$P$6,0),2),D$11))+(E15*IF(E$11="",INDEX($P$3:$Q$6,MATCH($E$12,$P$3:$P$6,0),2),E$11)))/SUM(B15:E15),"") -> 1 | CD15: =IFERROR(((F15*(IF(F$11="",INDEX($P$3:$Q$6,MATCH($B$12,$P$3:$P$6,0),2),F$11)))+(G15*(IF(G$11="",INDEX($P$3:$Q$6,MATCH($C$12,$P$3:$P$6,0),2),G$11)))+(H15*IF(H$11="",INDEX($P$3:$Q$6,MATCH($D$12,$P$3:$P$6,0),2),H$11))+(I15*IF(I$11="",INDEX($P$3:$Q$6,MATCH($E$12,$P$3:$P$6,0),2),I$11)))/SUM(F15:I15),"") -> 0.5 | CE15: =IFERROR(((J15*(IF(J$11="",INDEX($P$3:$Q$6,MATCH($B$12,$P$3:$P$6,0),2),J$11)))+(K15*(IF(K$11="",INDEX($P$3:$Q$6,MATCH($C$12,$P$3:$P$6,0),2),K$11)))+(L15*IF(L$11="",INDEX($P$3:$Q$6,MATCH($D$12,$P$3:$P$6,0),2),L$11))+(M15*IF(M$11="",INDEX($P$3:$Q$6,MATCH($E$12,$P$3:$P$6,0),2),M$11)))/SUM(J15:M15),"") -> 0.125 | CF15: =IFERROR(((N15*(IF(N$11="",INDEX($P$3:$Q$6,MATCH($B$12,$P$3:$P$6,0),2),N$11)))+(O15*(IF(O$11="",INDEX($P$3:$Q$6,MATCH($C$12,$P$3:$P$6,0),2),O$11)))+(P15*IF(P$11="",INDEX($P$3:$Q$6,MATCH($D$12,$P$3:$P$6,0),2),P$11))+(Q15*IF(Q$11="",INDEX($P$3:$Q$6,MATCH($E$12,$P$3:$P$6,0),2),Q$11)))/SUM(N15:Q15),"") -> 1 | CG15: =IFERROR(((R15*(IF(R$11="",INDEX($P$3:$Q$6,MATCH($B$12,$P$3:$P$6,0),2),R$11)))+(S15*(IF(S$11="",INDEX($P$3:$Q$6,MATCH($C$12,$P$3:$P$6,0),2),S$11)))+(T15*IF(T$11="",INDEX($P$3:$Q$6,MATCH($D$12,$P$3:$P$6,0),2),T$11))+(U15*IF(U$11="",INDEX($P$3:$Q$6,MATCH($E$12,$P$3:$P$6,0),2),U$11)))/SUM(R15:U15),"") -> 1 | CH15: =IFERROR(((V15*(IF(V$11="",INDEX($P$3:$Q$6,MATCH($B$12,$P$3:$P$6,0),2),V$11)))+(W15*(IF(W$11="",INDEX($P$3:$Q$6,MATCH($C$12,$P$3:$P$6,0),2),W$11)))+(X15*IF(X$11="",INDEX($P$3:$Q$6,MATCH($D$12,$P$3:$P$6,0),2),X$11))+(Y15*IF(Y$11="",INDEX($P$3:$Q$6,MATCH($E$12,$P$3:$P$6,0),2),Y$11)))/SUM(V15:Y15),"") | CI15: =IFERROR(((Z15*(IF(Z$11="",INDEX($P$3:$Q$6,MATCH($B$12,$P$3:$P$6,0),2),Z$11)))+(AA15*(IF(AA$11="",INDEX($P$3:$Q$6,MATCH($C$12,$P$3:$P$6,0),2),AA$11)))+(AB15*IF(AB$11="",INDEX($P$3:$Q$6,MATCH($D$12,$P$3:$P$6,0),2),AB$11))+(AC15*IF(AC$11="",INDEX($P$3:$Q$6,MATCH($E$12,$P$3:$P$6,0),2),AC$11)))/SUM(Z15:AC15),"") | CJ15: =IFERROR(((AD15*(IF(AD$11="",INDEX($P$3:$Q$6,MATCH($B$12,$P$3:$P$6,0),2),AD$11)))+(AE15*(IF(AE$11="",INDEX($P$3:$Q$6,MATCH($C$12,$P$3:$P$6,0),2),AE$11)))+(AF15*IF(AF$11="",INDEX($P$3:$Q$6,MATCH($D$12,$P$3:$P$6,0),2),AF$11))+(AG15*IF(AG$11="",INDEX($P$3:$Q$6,MATCH($E$12,$P$3:$P$6,0),2),L$11)))/SUM(AD15:AG15),"") | CK15: =IFERROR(((AH15*(IF(AH$11="",INDEX($P$3:$Q$6,MATCH($B$12,$P$3:$P$6,0),2),AH$11)))+(AI15*(IF(AI$11="",INDEX($P$3:$Q$6,MATCH($C$12,$P$3:$P$6,0),2),AI$11)))+(AJ15*IF(AJ$11="",INDEX($P$3:$Q$6,MATCH($D$12,$P$3:$P$6,0),2),AJ$11))+(AK15*IF(AK$11="",INDEX($P$3:$Q$6,MATCH($E$12,$P$3:$P$6,0),2),AK$11)))/SUM(AH15:AK15),"") | CL15: =IFERROR(((AL15*(IF(AL$11="",INDEX($P$3:$Q$6,MATCH($B$12,$P$3:$P$6,0),2),AL$11)))+(AM15*(IF(AM$11="",INDEX($P$3:$Q$6,MATCH($C$12,$P$3:$P$6,0),2),AM$11)))+(AN15*IF(AN$11="",INDEX($P$3:$Q$6,MATCH($D$12,$P$3:$P$6,0),2),AN$11))+(AO15*IF(AO$11="",INDEX($P$3:$Q$6,MATCH($E$12,$P$3:$P$6,0),2),AO$11)))/SUM(AL15:AO15),"") | CM15: =A15 -> 45717 | CN15: =IF(AND(SUM(INDIRECT("CC"&ROW(CC16) - $BI$4&":CC" & ROW(CC15)))=$BI$4,CM15<>""),"Sim","") | CO15: =IF(AND(SUM(INDIRECT("CD"&ROW(CD16) - $BI$4&":CD" & ROW(CD15)))=$BI$4,$CM15<>""),"Sim","") | CP15: =IF(AND(SUM(INDIRECT("CE"&ROW(CE16) - $BI$4&":CE" & ROW(CE15)))=$BI$4,$CM15<>""),"Sim","") | CQ15: =IF(AND(SUM(INDIRECT("CF"&ROW(CF16) - $BI$4&":CF" & ROW(CF15)))=$BI$4,$CM15<>""),"Sim","") -> Sim | CR15: =IF(AND(SUM(INDIRECT("CG"&ROW(CG16) - $BI$4&":CG" & ROW(CG15)))=$BI$4,$CM15<>""),"Sim","") | CS15: =IF(AND(SUM(INDIRECT("CH"&ROW(CH16) - $BI$4&":CH" & ROW(CH15)))=$BI$4,$CM15<>""),"Sim","") | CT15: =IF(AND(SUM(INDIRECT("CI"&ROW(CI16) - $BI$4&":CI" & ROW(CI15)))=$BI$4,$CM15<>""),"Sim","") | CU15: =IF(AND(SUM(INDIRECT("CJ"&ROW(CJ16) - $BI$4&":CJ" & ROW(CJ15)))=$BI$4,$CM15<>""),"Sim","") | CV15: =IF(AND(SUM(INDIRECT("CK"&ROW(CK16) - $BI$4&":CK" & ROW(CK15)))=$BI$4,$CM15<>""),"Sim","") | CW15: =IF(AND(SUM(INDIRECT("CL"&ROW(CL16) - $BI$4&":CL" & ROW(CL15)))=$BI$4,$CM15<>""),"Sim","") | DB15: =IF(DD15<>"","Mar.","") -> Mar. | DC15: 3 | DD15: =IFERROR(__xludf.DUMMYFUNCTION("IFERROR(AVERAGE(FILTER(INDIRECT(ADDRESS(13, (MATCH($BB$4, $12:$12, 0))) & "":"" & ADDRESS(1000, (MATCH($BB$4, $12:$12, 0)))), $DW$13:$DW$500 = DC15,$A$13:$A$500 >= $DQ$25,$A$13:$A$500 <= $DQ$26)),"""") "),1.0) -> 1 | DF15: =$F$10 -> Contato Visual | DG15: =IFERROR(__xludf.DUMMYFUNCTION("IFERROR(AVERAGE(FILTER(INDIRECT(ADDRESS(13,(MATCH(DF15,$12:$12,0))) & "":"" & ADDRESS(1000, (MATCH(DF15,$12:$12,0)))),$A$13:$A$500 >= $DQ$25,$A$13:$A$500 <= $DQ$26)),"""")"),0.559375) -> 0.559375 | DI15: =IF(DK15=1,$F$10,"") | DJ15: =IF(INDEX($CN$10:$CW$12,1,ROW(BV2))="Recurso Adquirido",INDEX($CN$10:$CW$12,1,ROW(BV2)),"") | DK15: =IF(DJ15="Recurso Adquirido",1,"") | DM15: =$F$10 -> Contato Visual | DN15: =IFERROR(__xludf.DUMMYFUNCTION("IFERROR(AVERAGE(FILTER(INDIRECT(ADDRESS(13, (MATCH(DM15, $12:$12, 0))) & "":"" & ADDRESS(1000, (MATCH(DM15, $12:$12, 0)))), $A$13:$A$500 > (DATE(YEAR((TODAY()-(30*2))),MONTH((TODAY()-(30*2))),1)))),"""") "),"") | DP15: {=UNIQUE(IF(A13:A500<>"", YEAR(A13:A500), ""))} -> 2025 | DQ15: =DATE(DP15,1,1) -> 45658 | DU15: =A15 -> 45717 | DV15: =ABA!$A15 -> 45717 | DW15: =IF(DV15<>"",MONTH(DV15),"") -> 3
A16: 45748 | B16: 1 | G16: 3 | I16: 5 | J16: 2 | K16: 3 | M16: 1 | N16: 1 | R16: 1 | AP16: =IFERROR(AVERAGE(CC16,CD16,CE16,CF16,CG16,CH16,CI16,CJ16,CK16,CL16),"") -> 0.78916667 | CB16: =A16 -> 45748 | CC16: =IFERROR(((B16*(IF(B$11="",INDEX($P$3:$Q$6,MATCH($B$12,$P$3:$P$6,0),2),B$11)))+(C16*(IF(C$11="",INDEX($P$3:$Q$6,MATCH($C$12,$P$3:$P$6,0),2),C$11)))+(D16*IF(D$11="",INDEX($P$3:$Q$6,MATCH($D$12,$P$3:$P$6,0),2),D$11))+(E16*IF(E$11="",INDEX($P$3:$Q$6,MATCH($E$12,$P$3:$P$6,0),2),E$11)))/SUM(B16:E16),"") -> 1 | CD16: =IFERROR(((F16*(IF(F$11="",INDEX($P$3:$Q$6,MATCH($B$12,$P$3:$P$6,0),2),F$11)))+(G16*(IF(G$11="",INDEX($P$3:$Q$6,MATCH($C$12,$P$3:$P$6,0),2),G$11)))+(H16*IF(H$11="",INDEX($P$3:$Q$6,MATCH($D$12,$P$3:$P$6,0),2),H$11))+(I16*IF(I$11="",INDEX($P$3:$Q$6,MATCH($E$12,$P$3:$P$6,0),2),I$11)))/SUM(F16:I16),"") -> 0.2625 | CE16: =IFERROR(((J16*(IF(J$11="",INDEX($P$3:$Q$6,MATCH($B$12,$P$3:$P$6,0),2),J$11)))+(K16*(IF(K$11="",INDEX($P$3:$Q$6,MATCH($C$12,$P$3:$P$6,0),2),K$11)))+(L16*IF(L$11="",INDEX($P$3:$Q$6,MATCH($D$12,$P$3:$P$6,0),2),L$11))+(M16*IF(M$11="",INDEX($P$3:$Q$6,MATCH($E$12,$P$3:$P$6,0),2),M$11)))/SUM(J16:M16),"") -> 0.68333333 | CF16: =IFERROR(((N16*(IF(N$11="",INDEX($P$3:$Q$6,MATCH($B$12,$P$3:$P$6,0),2),N$11)))+(O16*(IF(O$11="",INDEX($P$3:$Q$6,MATCH($C$12,$P$3:$P$6,0),2),O$11)))+(P16*IF(P$11="",INDEX($P$3:$Q$6,MATCH($D$12,$P$3:$P$6,0),2),P$11))+(Q16*IF(Q$11="",INDEX($P$3:$Q$6,MATCH($E$12,$P$3:$P$6,0),2),Q$11)))/SUM(N16:Q16),"") -> 1 | CG16: =IFERROR(((R16*(IF(R$11="",INDEX($P$3:$Q$6,MATCH($B$12,$P$3:$P$6,0),2),R$11)))+(S16*(IF(S$11="",INDEX($P$3:$Q$6,MATCH($C$12,$P$3:$P$6,0),2),S$11)))+(T16*IF(T$11="",INDEX($P$3:$Q$6,MATCH($D$12,$P$3:$P$6,0),2),T$11))+(U16*IF(U$11="",INDEX($P$3:$Q$6,MATCH($E$12,$P$3:$P$6,0),2),U$11)))/SUM(R16:U16),"") -> 1 | CH16: =IFERROR(((V16*(IF(V$11="",INDEX($P$3:$Q$6,MATCH($B$12,$P$3:$P$6,0),2),V$11)))+(W16*(IF(W$11="",INDEX($P$3:$Q$6,MATCH($C$12,$P$3:$P$6,0),2),W$11)))+(X16*IF(X$11="",INDEX($P$3:$Q$6,MATCH($D$12,$P$3:$P$6,0),2),X$11))+(Y16*IF(Y$11="",INDEX($P$3:$Q$6,MATCH($E$12,$P$3:$P$6,0),2),Y$11)))/SUM(V16:Y16),"") | CI16: =IFERROR(((Z16*(IF(Z$11="",INDEX($P$3:$Q$6,MATCH($B$12,$P$3:$P$6,0),2),Z$11)))+(AA16*(IF(AA$11="",INDEX($P$3:$Q$6,MATCH($C$12,$P$3:$P$6,0),2),AA$11)))+(AB16*IF(AB$11="",INDEX($P$3:$Q$6,MATCH($D$12,$P$3:$P$6,0),2),AB$11))+(AC16*IF(AC$11="",INDEX($P$3:$Q$6,MATCH($E$12,$P$3:$P$6,0),2),AC$11)))/SUM(Z16:AC16),"") | CJ16: =IFERROR(((AD16*(IF(AD$11="",INDEX($P$3:$Q$6,MATCH($B$12,$P$3:$P$6,0),2),AD$11)))+(AE16*(IF(AE$11="",INDEX($P$3:$Q$6,MATCH($C$12,$P$3:$P$6,0),2),AE$11)))+(AF16*IF(AF$11="",INDEX($P$3:$Q$6,MATCH($D$12,$P$3:$P$6,0),2),AF$11))+(AG16*IF(AG$11="",INDEX($P$3:$Q$6,MATCH($E$12,$P$3:$P$6,0),2),L$11)))/SUM(AD16:AG16),"") | CK16: =IFERROR(((AH16*(IF(AH$11="",INDEX($P$3:$Q$6,MATCH($B$12,$P$3:$P$6,0),2),AH$11)))+(AI16*(IF(AI$11="",INDEX($P$3:$Q$6,MATCH($C$12,$P$3:$P$6,0),2),AI$11)))+(AJ16*IF(AJ$11="",INDEX($P$3:$Q$6,MATCH($D$12,$P$3:$P$6,0),2),AJ$11))+(AK16*IF(AK$11="",INDEX($P$3:$Q$6,MATCH($E$12,$P$3:$P$6,0),2),AK$11)))/SUM(AH16:AK16),"") | CL16: =IFERROR(((AL16*(IF(AL$11="",INDEX($P$3:$Q$6,MATCH($B$12,$P$3:$P$6,0),2),AL$11)))+(AM16*(IF(AM$11="",INDEX($P$3:$Q$6,MATCH($C$12,$P$3:$P$6,0),2),AM$11)))+(AN16*IF(AN$11="",INDEX($P$3:$Q$6,MATCH($D$12,$P$3:$P$6,0),2),AN$11))+(AO16*IF(AO$11="",INDEX($P$3:$Q$6,MATCH($E$12,$P$3:$P$6,0),2),AO$11)))/SUM(AL16:AO16),"") | CM16: =A16 -> 45748 | CN16: =IF(AND(SUM(INDIRECT("CC"&ROW(CC17) - $BI$4&":CC" & ROW(CC16)))=$BI$4,CM16<>""),"Sim","") -> Sim | CO16: =IF(AND(SUM(INDIRECT("CD"&ROW(CD17) - $BI$4&":CD" & ROW(CD16)))=$BI$4,$CM16<>""),"Sim","") | CP16: =IF(AND(SUM(INDIRECT("CE"&ROW(CE17) - $BI$4&":CE" & ROW(CE16)))=$BI$4,$CM16<>""),"Sim","") | CQ16: =IF(AND(SUM(INDIRECT("CF"&ROW(CF17) - $BI$4&":CF" & ROW(CF16)))=$BI$4,$CM16<>""),"Sim","") -> Sim | CR16: =IF(AND(SUM(INDIRECT("CG"&ROW(CG17) - $BI$4&":CG" & ROW(CG16)))=$BI$4,$CM16<>""),"Sim","") -> Sim | CS16: =IF(AND(SUM(INDIRECT("CH"&ROW(CH17) - $BI$4&":CH" & ROW(CH16)))=$BI$4,$CM16<>""),"Sim","") | CT16: =IF(AND(SUM(INDIRECT("CI"&ROW(CI17) - $BI$4&":CI" & ROW(CI16)))=$BI$4,$CM16<>""),"Sim","") | CU16: =IF(AND(SUM(INDIRECT("CJ"&ROW(CJ17) - $BI$4&":CJ" & ROW(CJ16)))=$BI$4,$CM16<>""),"Sim","") | CV16: =IF(AND(SUM(INDIRECT("CK"&ROW(CK17) - $BI$4&":CK" & ROW(CK16)))=$BI$4,$CM16<>""),"Sim","") | CW16: =IF(AND(SUM(INDIRECT("CL"&ROW(CL17) - $BI$4&":CL" & ROW(CL16)))=$BI$4,$CM16<>""),"Sim","") | DB16: =IF(DD16<>"","Abr.","") -> Abr. | DC16: 4 | DD16: =IFERROR(__xludf.DUMMYFUNCTION("IFERROR(AVERAGE(FILTER(INDIRECT(ADDRESS(13, (MATCH($BB$4, $12:$12, 0))) & "":"" & ADDRESS(1000, (MATCH($BB$4, $12:$12, 0)))), $DW$13:$DW$500 = DC16,$A$13:$A$500 >= $DQ$25,$A$13:$A$500 <= $DQ$26)),"""") "),1.0) -> 1 | DF16: =$J$10 -> Permanecer sentado na cadeira | DG16: =IFERROR(__xludf.DUMMYFUNCTION("IFERROR(AVERAGE(FILTER(INDIRECT(ADDRESS(13,(MATCH(DF16,$12:$12,0))) & "":"" & ADDRESS(1000, (MATCH(DF16,$12:$12,0)))),$A$13:$A$500 >= $DQ$25,$A$13:$A$500 <= $DQ$26)),"""")"),0.5854166666666666) -> 0.58541667 | DI16: =IF(DK16=1,$J$10,"") | DJ16: =IF(INDEX($CN$10:$CW$12,1,ROW(BV3))="Recurso Adquirido",INDEX($CN$10:$CW$12,1,ROW(BV3)),"") | DK16: =IF(DJ16="Recurso Adquirido",1,"") | DM16: =$J$10 -> Permanecer sentado na cadeira | DN16: =IFERROR(__xludf.DUMMYFUNCTION("IFERROR(AVERAGE(FILTER(INDIRECT(ADDRESS(13, (MATCH(DM16, $12:$12, 0))) & "":"" & ADDRESS(1000, (MATCH(DM16, $12:$12, 0)))), $A$13:$A$500 > (DATE(YEAR((TODAY()-(30*2))),MONTH((TODAY()-(30*2))),1)))),"""") "),"") | DQ16: =DATE(DP16,1,1) -> 2 | DS16: média geral | DT16: {=IFERROR(AVERAGE(INDIRECT(ADDRESS(2,(MATCH(BB4,$12:$12,0))) & ":" & ADDRESS(1000, (MATCH(BB4,$12:$12,0))))),0)} -> 1 | DU16: =A16 -> 45748 | DV16: =ABA!$A16 -> 45748 | DW16: =IF(DV16<>"",MONTH(DV16),"") -> 4
N17: 1 | R17: 1 | AP17: =IFERROR(AVERAGE(CC17,CD17,CE17,CF17,CG17,CH17,CI17,CJ17,CK17,CL17),"") -> 1 | CB17: =A17 | CC17: =IFERROR(((B17*(IF(B$11="",INDEX($P$3:$Q$6,MATCH($B$12,$P$3:$P$6,0),2),B$11)))+(C17*(IF(C$11="",INDEX($P$3:$Q$6,MATCH($C$12,$P$3:$P$6,0),2),C$11)))+(D17*IF(D$11="",INDEX($P$3:$Q$6,MATCH($D$12,$P$3:$P$6,0),2),D$11))+(E17*IF(E$11="",INDEX($P$3:$Q$6,MATCH($E$12,$P$3:$P$6,0),2),E$11)))/SUM(B17:E17),"") | CD17: =IFERROR(((F17*(IF(F$11="",INDEX($P$3:$Q$6,MATCH($B$12,$P$3:$P$6,0),2),F$11)))+(G17*(IF(G$11="",INDEX($P$3:$Q$6,MATCH($C$12,$P$3:$P$6,0),2),G$11)))+(H17*IF(H$11="",INDEX($P$3:$Q$6,MATCH($D$12,$P$3:$P$6,0),2),H$11))+(I17*IF(I$11="",INDEX($P$3:$Q$6,MATCH($E$12,$P$3:$P$6,0),2),I$11)))/SUM(F17:I17),"") | CE17: =IFERROR(((J17*(IF(J$11="",INDEX($P$3:$Q$6,MATCH($B$12,$P$3:$P$6,0),2),J$11)))+(K17*(IF(K$11="",INDEX($P$3:$Q$6,MATCH($C$12,$P$3:$P$6,0),2),K$11)))+(L17*IF(L$11="",INDEX($P$3:$Q$6,MATCH($D$12,$P$3:$P$6,0),2),L$11))+(M17*IF(M$11="",INDEX($P$3:$Q$6,MATCH($E$12,$P$3:$P$6,0),2),M$11)))/SUM(J17:M17),"") | CF17: =IFERROR(((N17*(IF(N$11="",INDEX($P$3:$Q$6,MATCH($B$12,$P$3:$P$6,0),2),N$11)))+(O17*(IF(O$11="",INDEX($P$3:$Q$6,MATCH($C$12,$P$3:$P$6,0),2),O$11)))+(P17*IF(P$11="",INDEX($P$3:$Q$6,MATCH($D$12,$P$3:$P$6,0),2),P$11))+(Q17*IF(Q$11="",INDEX($P$3:$Q$6,MATCH($E$12,$P$3:$P$6,0),2),Q$11)))/SUM(N17:Q17),"") -> 1 | CG17: =IFERROR(((R17*(IF(R$11="",INDEX($P$3:$Q$6,MATCH($B$12,$P$3:$P$6,0),2),R$11)))+(S17*(IF(S$11="",INDEX($P$3:$Q$6,MATCH($C$12,$P$3:$P$6,0),2),S$11)))+(T17*IF(T$11="",INDEX($P$3:$Q$6,MATCH($D$12,$P$3:$P$6,0),2),T$11))+(U17*IF(U$11="",INDEX($P$3:$Q$6,MATCH($E$12,$P$3:$P$6,0),2),U$11)))/SUM(R17:U17),"") -> 1 | CH17: =IFERROR(((V17*(IF(V$11="",INDEX($P$3:$Q$6,MATCH($B$12,$P$3:$P$6,0),2),V$11)))+(W17*(IF(W$11="",INDEX($P$3:$Q$6,MATCH($C$12,$P$3:$P$6,0),2),W$11)))+(X17*IF(X$11="",INDEX($P$3:$Q$6,MATCH($D$12,$P$3:$P$6,0),2),X$11))+(Y17*IF(Y$11="",INDEX($P$3:$Q$6,MATCH($E$12,$P$3:$P$6,0),2),Y$11)))/SUM(V17:Y17),"") | CI17: =IFERROR(((Z17*(IF(Z$11="",INDEX($P$3:$Q$6,MATCH($B$12,$P$3:$P$6,0),2),Z$11)))+(AA17*(IF(AA$11="",INDEX($P$3:$Q$6,MATCH($C$12,$P$3:$P$6,0),2),AA$11)))+(AB17*IF(AB$11="",INDEX($P$3:$Q$6,MATCH($D$12,$P$3:$P$6,0),2),AB$11))+(AC17*IF(AC$11="",INDEX($P$3:$Q$6,MATCH($E$12,$P$3:$P$6,0),2),AC$11)))/SUM(Z17:AC17),"") | CJ17: =IFERROR(((AD17*(IF(AD$11="",INDEX($P$3:$Q$6,MATCH($B$12,$P$3:$P$6,0),2),AD$11)))+(AE17*(IF(AE$11="",INDEX($P$3:$Q$6,MATCH($C$12,$P$3:$P$6,0),2),AE$11)))+(AF17*IF(AF$11="",INDEX($P$3:$Q$6,MATCH($D$12,$P$3:$P$6,0),2),AF$11))+(AG17*IF(AG$11="",INDEX($P$3:$Q$6,MATCH($E$12,$P$3:$P$6,0),2),L$11)))/SUM(AD17:AG17),"") | CK17: =IFERROR(((AH17*(IF(AH$11="",INDEX($P$3:$Q$6,MATCH($B$12,$P$3:$P$6,0),2),AH$11)))+(AI17*(IF(AI$11="",INDEX($P$3:$Q$6,MATCH($C$12,$P$3:$P$6,0),2),AI$11)))+(AJ17*IF(AJ$11="",INDEX($P$3:$Q$6,MATCH($D$12,$P$3:$P$6,0),2),AJ$11))+(AK17*IF(AK$11="",INDEX($P$3:$Q$6,MATCH($E$12,$P$3:$P$6,0),2),AK$11)))/SUM(AH17:AK17),"") | CL17: =IFERROR(((AL17*(IF(AL$11="",INDEX($P$3:$Q$6,MATCH($B$12,$P$3:$P$6,0),2),AL$11)))+(AM17*(IF(AM$11="",INDEX($P$3:$Q$6,MATCH($C$12,$P$3:$P$6,0),2),AM$11)))+(AN17*IF(AN$11="",INDEX($P$3:$Q$6,MATCH($D$12,$P$3:$P$6,0),2),AN$11))+(AO17*IF(AO$11="",INDEX($P$3:$Q$6,MATCH($E$12,$P$3:$P$6,0),2),AO$11)))/SUM(AL17:AO17),"") | CM17: =A17 | CN17: =IF(AND(SUM(INDIRECT("CC"&ROW(CC18) - $BI$4&":CC" & ROW(CC17)))=$BI$4,CM17<>""),"Sim","") | CO17: =IF(AND(SUM(INDIRECT("CD"&ROW(CD18) - $BI$4&":CD" & ROW(CD17)))=$BI$4,$CM17<>""),"Sim","") | CP17: =IF(AND(SUM(INDIRECT("CE"&ROW(CE18) - $BI$4&":CE" & ROW(CE17)))=$BI$4,$CM17<>""),"Sim","") | CQ17: =IF(AND(SUM(INDIRECT("CF"&ROW(CF18) - $BI$4&":CF" & ROW(CF17)))=$BI$4,$CM17<>""),"Sim","") | CR17: =IF(AND(SUM(INDIRECT("CG"&ROW(CG18) - $BI$4&":CG" & ROW(CG17)))=$BI$4,$CM17<>""),"Sim","") | CS17: =IF(AND(SUM(INDIRECT("CH"&ROW(CH18) - $BI$4&":CH" & ROW(CH17)))=$BI$4,$CM17<>""),"Sim","") | CT17: =IF(AND(SUM(INDIRECT("CI"&ROW(CI18) - $BI$4&":CI" & ROW(CI17)))=$BI$4,$CM17<>""),"Sim","") | CU17: =IF(AND(SUM(INDIRECT("CJ"&ROW(CJ18) - $BI$4&":CJ" & ROW(CJ17)))=$BI$4,$CM17<>""),"Sim","") | CV17: =IF(AND(SUM(INDIRECT("CK"&ROW(CK18) - $BI$4&":CK" & ROW(CK17)))=$BI$4,$CM17<>""),"Sim","") | CW17: =IF(AND(SUM(INDIRECT("CL"&ROW(CL18) - $BI$4&":CL" & ROW(CL17)))=$BI$4,$CM17<>""),"Sim","") | DB17: =IF(DD17<>"","Mai.","") | DC17: 5 | DD17: =IFERROR(__xludf.DUMMYFUNCTION("IFERROR(AVERAGE(FILTER(INDIRECT(ADDRESS(13, (MATCH($BB$4, $12:$12, 0))) & "":"" & ADDRESS(1000, (MATCH($BB$4, $12:$12, 0)))), $DW$13:$DW$500 = DC17,$A$13:$A$500 >= $DQ$25,$A$13:$A$500 <= $DQ$26)),"""") "),"") | DF17: =$N$10 -> Esperar | DG17: =IFERROR(__xludf.DUMMYFUNCTION("IFERROR(AVERAGE(FILTER(INDIRECT(ADDRESS(13,(MATCH(DF17,$12:$12,0))) & "":"" & ADDRESS(1000, (MATCH(DF17,$12:$12,0)))),$A$13:$A$500 >= $DQ$25,$A$13:$A$500 <= $DQ$26)),"""")"),1.0) -> 1 | DI17: =IF(DK17=1,$N$10,"") -> Esperar | DJ17: =IF(INDEX($CN$10:$CW$12,1,ROW(BV4))="Recurso Adquirido",INDEX($CN$10:$CW$12,1,ROW(BV4)),"") -> Recurso Adquirido | DK17: =IF(DJ17="Recurso Adquirido",1,"") -> 1 | DM17: =$N$10 -> Esperar | DN17: =IFERROR(__xludf.DUMMYFUNCTION("IFERROR(AVERAGE(FILTER(INDIRECT(ADDRESS(13, (MATCH(DM17, $12:$12, 0))) & "":"" & ADDRESS(1000, (MATCH(DM17, $12:$12, 0)))), $A$13:$A$500 > (DATE(YEAR((TODAY()-(30*2))),MONTH((TODAY()-(30*2))),1)))),"""") "),"") | DQ17: =DATE(DP17,1,1) -> 2 | DU17: =A17 | DV17: =ABA!$A17 | DW17: =IF(DV17<>"",MONTH(DV17),"")
AP18: =IFERROR(AVERAGE(CC18,CD18,CE18,CF18,CG18,CH18,CI18,CJ18,CK18,CL18),"") | CB18: =A18 | CC18: =IFERROR(((B18*(IF(B$11="",INDEX($P$3:$Q$6,MATCH($B$12,$P$3:$P$6,0),2),B$11)))+(C18*(IF(C$11="",INDEX($P$3:$Q$6,MATCH($C$12,$P$3:$P$6,0),2),C$11)))+(D18*IF(D$11="",INDEX($P$3:$Q$6,MATCH($D$12,$P$3:$P$6,0),2),D$11))+(E18*IF(E$11="",INDEX($P$3:$Q$6,MATCH($E$12,$P$3:$P$6,0),2),E$11)))/SUM(B18:E18),"") | CD18: =IFERROR(((F18*(IF(F$11="",INDEX($P$3:$Q$6,MATCH($B$12,$P$3:$P$6,0),2),F$11)))+(G18*(IF(G$11="",INDEX($P$3:$Q$6,MATCH($C$12,$P$3:$P$6,0),2),G$11)))+(H18*IF(H$11="",INDEX($P$3:$Q$6,MATCH($D$12,$P$3:$P$6,0),2),H$11))+(I18*IF(I$11="",INDEX($P$3:$Q$6,MATCH($E$12,$P$3:$P$6,0),2),I$11)))/SUM(F18:I18),"") | CE18: =IFERROR(((J18*(IF(J$11="",INDEX($P$3:$Q$6,MATCH($B$12,$P$3:$P$6,0),2),J$11)))+(K18*(IF(K$11="",INDEX($P$3:$Q$6,MATCH($C$12,$P$3:$P$6,0),2),K$11)))+(L18*IF(L$11="",INDEX($P$3:$Q$6,MATCH($D$12,$P$3:$P$6,0),2),L$11))+(M18*IF(M$11="",INDEX($P$3:$Q$6,MATCH($E$12,$P$3:$P$6,0),2),M$11)))/SUM(J18:M18),"") | CF18: =IFERROR(((N18*(IF(N$11="",INDEX($P$3:$Q$6,MATCH($B$12,$P$3:$P$6,0),2),N$11)))+(O18*(IF(O$11="",INDEX($P$3:$Q$6,MATCH($C$12,$P$3:$P$6,0),2),O$11)))+(P18*IF(P$11="",INDEX($P$3:$Q$6,MATCH($D$12,$P$3:$P$6,0),2),P$11))+(Q18*IF(Q$11="",INDEX($P$3:$Q$6,MATCH($E$12,$P$3:$P$6,0),2),Q$11)))/SUM(N18:Q18),"") | CG18: =IFERROR(((R18*(IF(R$11="",INDEX($P$3:$Q$6,MATCH($B$12,$P$3:$P$6,0),2),R$11)))+(S18*(IF(S$11="",INDEX($P$3:$Q$6,MATCH($C$12,$P$3:$P$6,0),2),S$11)))+(T18*IF(T$11="",INDEX($P$3:$Q$6,MATCH($D$12,$P$3:$P$6,0),2),T$11))+(U18*IF(U$11="",INDEX($P$3:$Q$6,MATCH($E$12,$P$3:$P$6,0),2),U$11)))/SUM(R18:U18),"") | CH18: =IFERROR(((V18*(IF(V$11="",INDEX($P$3:$Q$6,MATCH($B$12,$P$3:$P$6,0),2),V$11)))+(W18*(IF(W$11="",INDEX($P$3:$Q$6,MATCH($C$12,$P$3:$P$6,0),2),W$11)))+(X18*IF(X$11="",INDEX($P$3:$Q$6,MATCH($D$12,$P$3:$P$6,0),2),X$11))+(Y18*IF(Y$11="",INDEX($P$3:$Q$6,MATCH($E$12,$P$3:$P$6,0),2),Y$11)))/SUM(V18:Y18),"") | CI18: =IFERROR(((Z18*(IF(Z$11="",INDEX($P$3:$Q$6,MATCH($B$12,$P$3:$P$6,0),2),Z$11)))+(AA18*(IF(AA$11="",INDEX($P$3:$Q$6,MATCH($C$12,$P$3:$P$6,0),2),AA$11)))+(AB18*IF(AB$11="",INDEX($P$3:$Q$6,MATCH($D$12,$P$3:$P$6,0),2),AB$11))+(AC18*IF(AC$11="",INDEX($P$3:$Q$6,MATCH($E$12,$P$3:$P$6,0),2),AC$11)))/SUM(Z18:AC18),"") | CJ18: =IFERROR(((AD18*(IF(AD$11="",INDEX($P$3:$Q$6,MATCH($B$12,$P$3:$P$6,0),2),AD$11)))+(AE18*(IF(AE$11="",INDEX($P$3:$Q$6,MATCH($C$12,$P$3:$P$6,0),2),AE$11)))+(AF18*IF(AF$11="",INDEX($P$3:$Q$6,MATCH($D$12,$P$3:$P$6,0),2),AF$11))+(AG18*IF(AG$11="",INDEX($P$3:$Q$6,MATCH($E$12,$P$3:$P$6,0),2),L$11)))/SUM(AD18:AG18),"") | CK18: =IFERROR(((AH18*(IF(AH$11="",INDEX($P$3:$Q$6,MATCH($B$12,$P$3:$P$6,0),2),AH$11)))+(AI18*(IF(AI$11="",INDEX($P$3:$Q$6,MATCH($C$12,$P$3:$P$6,0),2),AI$11)))+(AJ18*IF(AJ$11="",INDEX($P$3:$Q$6,MATCH($D$12,$P$3:$P$6,0),2),AJ$11))+(AK18*IF(AK$11="",INDEX($P$3:$Q$6,MATCH($E$12,$P$3:$P$6,0),2),AK$11)))/SUM(AH18:AK18),"") | CL18: =IFERROR(((AL18*(IF(AL$11="",INDEX($P$3:$Q$6,MATCH($B$12,$P$3:$P$6,0),2),AL$11)))+(AM18*(IF(AM$11="",INDEX($P$3:$Q$6,MATCH($C$12,$P$3:$P$6,0),2),AM$11)))+(AN18*IF(AN$11="",INDEX($P$3:$Q$6,MATCH($D$12,$P$3:$P$6,0),2),AN$11))+(AO18*IF(AO$11="",INDEX($P$3:$Q$6,MATCH($E$12,$P$3:$P$6,0),2),AO$11)))/SUM(AL18:AO18),"") | CM18: =A18 | CN18: =IF(AND(SUM(INDIRECT("CC"&ROW(CC19) - $BI$4&":CC" & ROW(CC18)))=$BI$4,CM18<>""),"Sim","") | CO18: =IF(AND(SUM(INDIRECT("CD"&ROW(CD19) - $BI$4&":CD" & ROW(CD18)))=$BI$4,$CM18<>""),"Sim","") | CP18: =IF(AND(SUM(INDIRECT("CE"&ROW(CE19) - $BI$4&":CE" & ROW(CE18)))=$BI$4,$CM18<>""),"Sim","") | CQ18: =IF(AND(SUM(INDIRECT("CF"&ROW(CF19) - $BI$4&":CF" & ROW(CF18)))=$BI$4,$CM18<>""),"Sim","") | CR18: =IF(AND(SUM(INDIRECT("CG"&ROW(CG19) - $BI$4&":CG" & ROW(CG18)))=$BI$4,$CM18<>""),"Sim","") | CS18: =IF(AND(SUM(INDIRECT("CH"&ROW(CH19) - $BI$4&":CH" & ROW(CH18)))=$BI$4,$CM18<>""),"Sim","") | CT18: =IF(AND(SUM(INDIRECT("CI"&ROW(CI19) - $BI$4&":CI" & ROW(CI18)))=$BI$4,$CM18<>""),"Sim","") | CU18: =IF(AND(SUM(INDIRECT("CJ"&ROW(CJ19) - $BI$4&":CJ" & ROW(CJ18)))=$BI$4,$CM18<>""),"Sim","") | CV18: =IF(AND(SUM(INDIRECT("CK"&ROW(CK19) - $BI$4&":CK" & ROW(CK18)))=$BI$4,$CM18<>""),"Sim","") | CW18: =IF(AND(SUM(INDIRECT("CL"&ROW(CL19) - $BI$4&":CL" & ROW(CL18)))=$BI$4,$CM18<>""),"Sim","") | DB18: =IF(DD18<>"","Jun.","") | DC18: 6 | DD18: =IFERROR(__xludf.DUMMYFUNCTION("IFERROR(AVERAGE(FILTER(INDIRECT(ADDRESS(13, (MATCH($BB$4, $12:$12, 0))) & "":"" & ADDRESS(1000, (MATCH($BB$4, $12:$12, 0)))), $DW$13:$DW$500 = DC18,$A$13:$A$500 >= $DQ$25,$A$13:$A$500 <= $DQ$26)),"""") "),"") | DF18: =$R$10 -> Seguir instruções de um passo | DG18: =IFERROR(__xludf.DUMMYFUNCTION("IFERROR(AVERAGE(FILTER(INDIRECT(ADDRESS(13,(MATCH(DF18,$12:$12,0))) & "":"" & ADDRESS(1000, (MATCH(DF18,$12:$12,0)))),$A$13:$A$500 >= $DQ$25,$A$13:$A$500 <= $DQ$26)),"""")"),1.0) -> 1 | DI18: =IF(DK18=1,$R$10,"") -> Seguir instruções de um passo | DJ18: =IF(INDEX($CN$10:$CW$12,1,ROW(BV5))="Recurso Adquirido",INDEX($CN$10:$CW$12,1,ROW(BV5)),"") -> Recurso Adquirido | DK18: =IF(DJ18="Recurso Adquirido",1,"") -> 1 | DM18: =$R$10 -> Seguir instruções de um passo | DN18: =IFERROR(__xludf.DUMMYFUNCTION("IFERROR(AVERAGE(FILTER(INDIRECT(ADDRESS(13, (MATCH(DM18, $12:$12, 0))) & "":"" & ADDRESS(1000, (MATCH(DM18, $12:$12, 0)))), $A$13:$A$500 > (DATE(YEAR((TODAY()-(30*2))),MONTH((TODAY()-(30*2))),1)))),"""") "),"") | DQ18: =DATE(DP18,1,1) -> 2 | DU18: =A18 | DV18: =ABA!$A18 | DW18: =IF(DV18<>"",MONTH(DV18),"")
AP19: =IFERROR(AVERAGE(CC19,CD19,CE19,CF19,CG19,CH19,CI19,CJ19,CK19,CL19),"") | CB19: =A19 | CC19: =IFERROR(((B19*(IF(B$11="",INDEX($P$3:$Q$6,MATCH($B$12,$P$3:$P$6,0),2),B$11)))+(C19*(IF(C$11="",INDEX($P$3:$Q$6,MATCH($C$12,$P$3:$P$6,0),2),C$11)))+(D19*IF(D$11="",INDEX($P$3:$Q$6,MATCH($D$12,$P$3:$P$6,0),2),D$11))+(E19*IF(E$11="",INDEX($P$3:$Q$6,MATCH($E$12,$P$3:$P$6,0),2),E$11)))/SUM(B19:E19),"") | CD19: =IFERROR(((F19*(IF(F$11="",INDEX($P$3:$Q$6,MATCH($B$12,$P$3:$P$6,0),2),F$11)))+(G19*(IF(G$11="",INDEX($P$3:$Q$6,MATCH($C$12,$P$3:$P$6,0),2),G$11)))+(H19*IF(H$11="",INDEX($P$3:$Q$6,MATCH($D$12,$P$3:$P$6,0),2),H$11))+(I19*IF(I$11="",INDEX($P$3:$Q$6,MATCH($E$12,$P$3:$P$6,0),2),I$11)))/SUM(F19:I19),"") | CE19: =IFERROR(((J19*(IF(J$11="",INDEX($P$3:$Q$6,MATCH($B$12,$P$3:$P$6,0),2),J$11)))+(K19*(IF(K$11="",INDEX($P$3:$Q$6,MATCH($C$12,$P$3:$P$6,0),2),K$11)))+(L19*IF(L$11="",INDEX($P$3:$Q$6,MATCH($D$12,$P$3:$P$6,0),2),L$11))+(M19*IF(M$11="",INDEX($P$3:$Q$6,MATCH($E$12,$P$3:$P$6,0),2),M$11)))/SUM(J19:M19),"") | CF19: =IFERROR(((N19*(IF(N$11="",INDEX($P$3:$Q$6,MATCH($B$12,$P$3:$P$6,0),2),N$11)))+(O19*(IF(O$11="",INDEX($P$3:$Q$6,MATCH($C$12,$P$3:$P$6,0),2),O$11)))+(P19*IF(P$11="",INDEX($P$3:$Q$6,MATCH($D$12,$P$3:$P$6,0),2),P$11))+(Q19*IF(Q$11="",INDEX($P$3:$Q$6,MATCH($E$12,$P$3:$P$6,0),2),Q$11)))/SUM(N19:Q19),"") | CG19: =IFERROR(((R19*(IF(R$11="",INDEX($P$3:$Q$6,MATCH($B$12,$P$3:$P$6,0),2),R$11)))+(S19*(IF(S$11="",INDEX($P$3:$Q$6,MATCH($C$12,$P$3:$P$6,0),2),S$11)))+(T19*IF(T$11="",INDEX($P$3:$Q$6,MATCH($D$12,$P$3:$P$6,0),2),T$11))+(U19*IF(U$11="",INDEX($P$3:$Q$6,MATCH($E$12,$P$3:$P$6,0),2),U$11)))/SUM(R19:U19),"") | CH19: =IFERROR(((V19*(IF(V$11="",INDEX($P$3:$Q$6,MATCH($B$12,$P$3:$P$6,0),2),V$11)))+(W19*(IF(W$11="",INDEX($P$3:$Q$6,MATCH($C$12,$P$3:$P$6,0),2),W$11)))+(X19*IF(X$11="",INDEX($P$3:$Q$6,MATCH($D$12,$P$3:$P$6,0),2),X$11))+(Y19*IF(Y$11="",INDEX($P$3:$Q$6,MATCH($E$12,$P$3:$P$6,0),2),Y$11)))/SUM(V19:Y19),"") | CI19: =IFERROR(((Z19*(IF(Z$11="",INDEX($P$3:$Q$6,MATCH($B$12,$P$3:$P$6,0),2),Z$11)))+(AA19*(IF(AA$11="",INDEX($P$3:$Q$6,MATCH($C$12,$P$3:$P$6,0),2),AA$11)))+(AB19*IF(AB$11="",INDEX($P$3:$Q$6,MATCH($D$12,$P$3:$P$6,0),2),AB$11))+(AC19*IF(AC$11="",INDEX($P$3:$Q$6,MATCH($E$12,$P$3:$P$6,0),2),AC$11)))/SUM(Z19:AC19),"") | CJ19: =IFERROR(((AD19*(IF(AD$11="",INDEX($P$3:$Q$6,MATCH($B$12,$P$3:$P$6,0),2),AD$11)))+(AE19*(IF(AE$11="",INDEX($P$3:$Q$6,MATCH($C$12,$P$3:$P$6,0),2),AE$11)))+(AF19*IF(AF$11="",INDEX($P$3:$Q$6,MATCH($D$12,$P$3:$P$6,0),2),AF$11))+(AG19*IF(AG$11="",INDEX($P$3:$Q$6,MATCH($E$12,$P$3:$P$6,0),2),L$11)))/SUM(AD19:AG19),"") | CK19: =IFERROR(((AH19*(IF(AH$11="",INDEX($P$3:$Q$6,MATCH($B$12,$P$3:$P$6,0),2),AH$11)))+(AI19*(IF(AI$11="",INDEX($P$3:$Q$6,MATCH($C$12,$P$3:$P$6,0),2),AI$11)))+(AJ19*IF(AJ$11="",INDEX($P$3:$Q$6,MATCH($D$12,$P$3:$P$6,0),2),AJ$11))+(AK19*IF(AK$11="",INDEX($P$3:$Q$6,MATCH($E$12,$P$3:$P$6,0),2),AK$11)))/SUM(AH19:AK19),"") | CL19: =IFERROR(((AL19*(IF(AL$11="",INDEX($P$3:$Q$6,MATCH($B$12,$P$3:$P$6,0),2),AL$11)))+(AM19*(IF(AM$11="",INDEX($P$3:$Q$6,MATCH($C$12,$P$3:$P$6,0),2),AM$11)))+(AN19*IF(AN$11="",INDEX($P$3:$Q$6,MATCH($D$12,$P$3:$P$6,0),2),AN$11))+(AO19*IF(AO$11="",INDEX($P$3:$Q$6,MATCH($E$12,$P$3:$P$6,0),2),AO$11)))/SUM(AL19:AO19),"") | CM19: =A19 | CN19: =IF(AND(SUM(INDIRECT("CC"&ROW(CC20) - $BI$4&":CC" & ROW(CC19)))=$BI$4,CM19<>""),"Sim","") | CO19: =IF(AND(SUM(INDIRECT("CD"&ROW(CD20) - $BI$4&":CD" & ROW(CD19)))=$BI$4,$CM19<>""),"Sim","") | CP19: =IF(AND(SUM(INDIRECT("CE"&ROW(CE20) - $BI$4&":CE" & ROW(CE19)))=$BI$4,$CM19<>""),"Sim","") | CQ19: =IF(AND(SUM(INDIRECT("CF"&ROW(CF20) - $BI$4&":CF" & ROW(CF19)))=$BI$4,$CM19<>""),"Sim","") | CR19: =IF(AND(SUM(INDIRECT("CG"&ROW(CG20) - $BI$4&":CG" & ROW(CG19)))=$BI$4,$CM19<>""),"Sim","") | CS19: =IF(AND(SUM(INDIRECT("CH"&ROW(CH20) - $BI$4&":CH" & ROW(CH19)))=$BI$4,$CM19<>""),"Sim","") | CT19: =IF(AND(SUM(INDIRECT("CI"&ROW(CI20) - $BI$4&":CI" & ROW(CI19)))=$BI$4,$CM19<>""),"Sim","") | CU19: =IF(AND(SUM(INDIRECT("CJ"&ROW(CJ20) - $BI$4&":CJ" & ROW(CJ19)))=$BI$4,$CM19<>""),"Sim","") | CV19: =IF(AND(SUM(INDIRECT("CK"&ROW(CK20) - $BI$4&":CK" & ROW(CK19)))=$BI$4,$CM19<>""),"Sim","") | CW19: =IF(AND(SUM(INDIRECT("CL"&ROW(CL20) - $BI$4&":CL" & ROW(CL19)))=$BI$4,$CM19<>""),"Sim","") | DB19: =IF(DD19<>"","Jul.","") | DC19: 7 | DD19: =IFERROR(__xludf.DUMMYFUNCTION("IFERROR(AVERAGE(FILTER(INDIRECT(ADDRESS(13, (MATCH($BB$4, $12:$12, 0))) & "":"" & ADDRESS(1000, (MATCH($BB$4, $12:$12, 0)))), $DW$13:$DW$500 = DC19,$A$13:$A$500 >= $DQ$25,$A$13:$A$500 <= $DQ$26)),"""") "),"") | DF19: =$V$10 | DG19: =IFERROR(__xludf.DUMMYFUNCTION("IFERROR(AVERAGE(FILTER(INDIRECT(ADDRESS(13,(MATCH(DF19,$12:$12,0))) & "":"" & ADDRESS(1000, (MATCH(DF19,$12:$12,0)))),$A$13:$A$500 >= $DQ$25,$A$13:$A$500 <= $DQ$26)),"""")"),"") | DI19: =IF(DK19=1,$V$10,"") | DJ19: =IF(INDEX($CN$10:$CW$12,1,ROW(BV6))="Recurso Adquirido",INDEX($CN$10:$CW$12,1,ROW(BV6)),"") | DK19: =IF(DJ19="Recurso Adquirido",1,"") | DM19: =$V$10 | DN19: =IFERROR(__xludf.DUMMYFUNCTION("IFERROR(AVERAGE(FILTER(INDIRECT(ADDRESS(13, (MATCH(DM19, $12:$12, 0))) & "":"" & ADDRESS(1000, (MATCH(DM19, $12:$12, 0)))), $A$13:$A$500 > (DATE(YEAR((TODAY()-(30*2))),MONTH((TODAY()-(30*2))),1)))),"""") "),"") | DQ19: =DATE(DP19,1,1) -> 2 | DU19: =A19 | DV19: =ABA!$A19 | DW19: =IF(DV19<>"",MONTH(DV19),"")
AP20: =IFERROR(AVERAGE(CC20,CD20,CE20,CF20,CG20,CH20,CI20,CJ20,CK20,CL20),"") | CB20: =A20 | CC20: =IFERROR(((B20*(IF(B$11="",INDEX($P$3:$Q$6,MATCH($B$12,$P$3:$P$6,0),2),B$11)))+(C20*(IF(C$11="",INDEX($P$3:$Q$6,MATCH($C$12,$P$3:$P$6,0),2),C$11)))+(D20*IF(D$11="",INDEX($P$3:$Q$6,MATCH($D$12,$P$3:$P$6,0),2),D$11))+(E20*IF(E$11="",INDEX($P$3:$Q$6,MATCH($E$12,$P$3:$P$6,0),2),E$11)))/SUM(B20:E20),"") | CD20: =IFERROR(((F20*(IF(F$11="",INDEX($P$3:$Q$6,MATCH($B$12,$P$3:$P$6,0),2),F$11)))+(G20*(IF(G$11="",INDEX($P$3:$Q$6,MATCH($C$12,$P$3:$P$6,0),2),G$11)))+(H20*IF(H$11="",INDEX($P$3:$Q$6,MATCH($D$12,$P$3:$P$6,0),2),H$11))+(I20*IF(I$11="",INDEX($P$3:$Q$6,MATCH($E$12,$P$3:$P$6,0),2),I$11)))/SUM(F20:I20),"") | CE20: =IFERROR(((J20*(IF(J$11="",INDEX($P$3:$Q$6,MATCH($B$12,$P$3:$P$6,0),2),J$11)))+(K20*(IF(K$11="",INDEX($P$3:$Q$6,MATCH($C$12,$P$3:$P$6,0),2),K$11)))+(L20*IF(L$11="",INDEX($P$3:$Q$6,MATCH($D$12,$P$3:$P$6,0),2),L$11))+(M20*IF(M$11="",INDEX($P$3:$Q$6,MATCH($E$12,$P$3:$P$6,0),2),M$11)))/SUM(J20:M20),"") | CF20: =IFERROR(((N20*(IF(N$11="",INDEX($P$3:$Q$6,MATCH($B$12,$P$3:$P$6,0),2),N$11)))+(O20*(IF(O$11="",INDEX($P$3:$Q$6,MATCH($C$12,$P$3:$P$6,0),2),O$11)))+(P20*IF(P$11="",INDEX($P$3:$Q$6,MATCH($D$12,$P$3:$P$6,0),2),P$11))+(Q20*IF(Q$11="",INDEX($P$3:$Q$6,MATCH($E$12,$P$3:$P$6,0),2),Q$11)))/SUM(N20:Q20),"") | CG20: =IFERROR(((R20*(IF(R$11="",INDEX($P$3:$Q$6,MATCH($B$12,$P$3:$P$6,0),2),R$11)))+(S20*(IF(S$11="",INDEX($P$3:$Q$6,MATCH($C$12,$P$3:$P$6,0),2),S$11)))+(T20*IF(T$11="",INDEX($P$3:$Q$6,MATCH($D$12,$P$3:$P$6,0),2),T$11))+(U20*IF(U$11="",INDEX($P$3:$Q$6,MATCH($E$12,$P$3:$P$6,0),2),U$11)))/SUM(R20:U20),"") | CH20: =IFERROR(((V20*(IF(V$11="",INDEX($P$3:$Q$6,MATCH($B$12,$P$3:$P$6,0),2),V$11)))+(W20*(IF(W$11="",INDEX($P$3:$Q$6,MATCH($C$12,$P$3:$P$6,0),2),W$11)))+(X20*IF(X$11="",INDEX($P$3:$Q$6,MATCH($D$12,$P$3:$P$6,0),2),X$11))+(Y20*IF(Y$11="",INDEX($P$3:$Q$6,MATCH($E$12,$P$3:$P$6,0),2),Y$11)))/SUM(V20:Y20),"") | CI20: =IFERROR(((Z20*(IF(Z$11="",INDEX($P$3:$Q$6,MATCH($B$12,$P$3:$P$6,0),2),Z$11)))+(AA20*(IF(AA$11="",INDEX($P$3:$Q$6,MATCH($C$12,$P$3:$P$6,0),2),AA$11)))+(AB20*IF(AB$11="",INDEX($P$3:$Q$6,MATCH($D$12,$P$3:$P$6,0),2),AB$11))+(AC20*IF(AC$11="",INDEX($P$3:$Q$6,MATCH($E$12,$P$3:$P$6,0),2),AC$11)))/SUM(Z20:AC20),"") | CJ20: =IFERROR(((AD20*(IF(AD$11="",INDEX($P$3:$Q$6,MATCH($B$12,$P$3:$P$6,0),2),AD$11)))+(AE20*(IF(AE$11="",INDEX($P$3:$Q$6,MATCH($C$12,$P$3:$P$6,0),2),AE$11)))+(AF20*IF(AF$11="",INDEX($P$3:$Q$6,MATCH($D$12,$P$3:$P$6,0),2),AF$11))+(AG20*IF(AG$11="",INDEX($P$3:$Q$6,MATCH($E$12,$P$3:$P$6,0),2),L$11)))/SUM(AD20:AG20),"") | CK20: =IFERROR(((AH20*(IF(AH$11="",INDEX($P$3:$Q$6,MATCH($B$12,$P$3:$P$6,0),2),AH$11)))+(AI20*(IF(AI$11="",INDEX($P$3:$Q$6,MATCH($C$12,$P$3:$P$6,0),2),AI$11)))+(AJ20*IF(AJ$11="",INDEX($P$3:$Q$6,MATCH($D$12,$P$3:$P$6,0),2),AJ$11))+(AK20*IF(AK$11="",INDEX($P$3:$Q$6,MATCH($E$12,$P$3:$P$6,0),2),AK$11)))/SUM(AH20:AK20),"") | CL20: =IFERROR(((AL20*(IF(AL$11="",INDEX($P$3:$Q$6,MATCH($B$12,$P$3:$P$6,0),2),AL$11)))+(AM20*(IF(AM$11="",INDEX($P$3:$Q$6,MATCH($C$12,$P$3:$P$6,0),2),AM$11)))+(AN20*IF(AN$11="",INDEX($P$3:$Q$6,MATCH($D$12,$P$3:$P$6,0),2),AN$11))+(AO20*IF(AO$11="",INDEX($P$3:$Q$6,MATCH($E$12,$P$3:$P$6,0),2),AO$11)))/SUM(AL20:AO20),"") | CM20: =A20 | CN20: =IF(AND(SUM(INDIRECT("CC"&ROW(CC21) - $BI$4&":CC" & ROW(CC20)))=$BI$4,CM20<>""),"Sim","") | CO20: =IF(AND(SUM(INDIRECT("CD"&ROW(CD21) - $BI$4&":CD" & ROW(CD20)))=$BI$4,$CM20<>""),"Sim","") | CP20: =IF(AND(SUM(INDIRECT("CE"&ROW(CE21) - $BI$4&":CE" & ROW(CE20)))=$BI$4,$CM20<>""),"Sim","") | CQ20: =IF(AND(SUM(INDIRECT("CF"&ROW(CF21) - $BI$4&":CF" & ROW(CF20)))=$BI$4,$CM20<>""),"Sim","") | CR20: =IF(AND(SUM(INDIRECT("CG"&ROW(CG21) - $BI$4&":CG" & ROW(CG20)))=$BI$4,$CM20<>""),"Sim","") | CS20: =IF(AND(SUM(INDIRECT("CH"&ROW(CH21) - $BI$4&":CH" & ROW(CH20)))=$BI$4,$CM20<>""),"Sim","") | CT20: =IF(AND(SUM(INDIRECT("CI"&ROW(CI21) - $BI$4&":CI" & ROW(CI20)))=$BI$4,$CM20<>""),"Sim","") | CU20: =IF(AND(SUM(INDIRECT("CJ"&ROW(CJ21) - $BI$4&":CJ" & ROW(CJ20)))=$BI$4,$CM20<>""),"Sim","") | CV20: =IF(AND(SUM(INDIRECT("CK"&ROW(CK21) - $BI$4&":CK" & ROW(CK20)))=$BI$4,$CM20<>""),"Sim","") | CW20: =IF(AND(SUM(INDIRECT("CL"&ROW(CL21) - $BI$4&":CL" & ROW(CL20)))=$BI$4,$CM20<>""),"Sim","") | DB20: =IF(DD20<>"","Ago.","") | DC20: 8 | DD20: =IFERROR(__xludf.DUMMYFUNCTION("IFERROR(AVERAGE(FILTER(INDIRECT(ADDRESS(13, (MATCH($BB$4, $12:$12, 0))) & "":"" & ADDRESS(1000, (MATCH($BB$4, $12:$12, 0)))), $DW$13:$DW$500 = DC20,$A$13:$A$500 >= $DQ$25,$A$13:$A$500 <= $DQ$26)),"""") "),"") | DF20: =$Z$10 | DG20: =IFERROR(__xludf.DUMMYFUNCTION("IFERROR(AVERAGE(FILTER(INDIRECT(ADDRESS(13,(MATCH(DF20,$12:$12,0))) & "":"" & ADDRESS(1000, (MATCH(DF20,$12:$12,0)))),$A$13:$A$500 >= $DQ$25,$A$13:$A$500 <= $DQ$26)),"""")"),"") | DI20: =IF(DK20=1,$Z$10,"") | DJ20: =IF(INDEX($CN$10:$CW$12,1,ROW(BV7))="Recurso Adquirido",INDEX($CN$10:$CW$12,1,ROW(BV7)),"") | DK20: =IF(DJ20="Recurso Adquirido",1,"") | DM20: =$Z$10 | DN20: =IFERROR(__xludf.DUMMYFUNCTION("IFERROR(AVERAGE(FILTER(INDIRECT(ADDRESS(13, (MATCH(DM20, $12:$12, 0))) & "":"" & ADDRESS(1000, (MATCH(DM20, $12:$12, 0)))), $A$13:$A$500 > (DATE(YEAR((TODAY()-(30*2))),MONTH((TODAY()-(30*2))),1)))),"""") "),"") | DQ20: =DATE(DP20,1,1) -> 2 | DU20: =A20 | DV20: =ABA!$A20 | DW20: =IF(DV20<>"",MONTH(DV20),"")
AP21: =IFERROR(AVERAGE(CC21,CD21,CE21,CF21,CG21,CH21,CI21,CJ21,CK21,CL21),"") | CB21: =A21 | CC21: =IFERROR(((B21*(IF(B$11="",INDEX($P$3:$Q$6,MATCH($B$12,$P$3:$P$6,0),2),B$11)))+(C21*(IF(C$11="",INDEX($P$3:$Q$6,MATCH($C$12,$P$3:$P$6,0),2),C$11)))+(D21*IF(D$11="",INDEX($P$3:$Q$6,MATCH($D$12,$P$3:$P$6,0),2),D$11))+(E21*IF(E$11="",INDEX($P$3:$Q$6,MATCH($E$12,$P$3:$P$6,0),2),E$11)))/SUM(B21:E21),"") | CD21: =IFERROR(((F21*(IF(F$11="",INDEX($P$3:$Q$6,MATCH($B$12,$P$3:$P$6,0),2),F$11)))+(G21*(IF(G$11="",INDEX($P$3:$Q$6,MATCH($C$12,$P$3:$P$6,0),2),G$11)))+(H21*IF(H$11="",INDEX($P$3:$Q$6,MATCH($D$12,$P$3:$P$6,0),2),H$11))+(I21*IF(I$11="",INDEX($P$3:$Q$6,MATCH($E$12,$P$3:$P$6,0),2),I$11)))/SUM(F21:I21),"") | CE21: =IFERROR(((J21*(IF(J$11="",INDEX($P$3:$Q$6,MATCH($B$12,$P$3:$P$6,0),2),J$11)))+(K21*(IF(K$11="",INDEX($P$3:$Q$6,MATCH($C$12,$P$3:$P$6,0),2),K$11)))+(L21*IF(L$11="",INDEX($P$3:$Q$6,MATCH($D$12,$P$3:$P$6,0),2),L$11))+(M21*IF(M$11="",INDEX($P$3:$Q$6,MATCH($E$12,$P$3:$P$6,0),2),M$11)))/SUM(J21:M21),"") | CF21: =IFERROR(((N21*(IF(N$11="",INDEX($P$3:$Q$6,MATCH($B$12,$P$3:$P$6,0),2),N$11)))+(O21*(IF(O$11="",INDEX($P$3:$Q$6,MATCH($C$12,$P$3:$P$6,0),2),O$11)))+(P21*IF(P$11="",INDEX($P$3:$Q$6,MATCH($D$12,$P$3:$P$6,0),2),P$11))+(Q21*IF(Q$11="",INDEX($P$3:$Q$6,MATCH($E$12,$P$3:$P$6,0),2),Q$11)))/SUM(N21:Q21),"") | CG21: =IFERROR(((R21*(IF(R$11="",INDEX($P$3:$Q$6,MATCH($B$12,$P$3:$P$6,0),2),R$11)))+(S21*(IF(S$11="",INDEX($P$3:$Q$6,MATCH($C$12,$P$3:$P$6,0),2),S$11)))+(T21*IF(T$11="",INDEX($P$3:$Q$6,MATCH($D$12,$P$3:$P$6,0),2),T$11))+(U21*IF(U$11="",INDEX($P$3:$Q$6,MATCH($E$12,$P$3:$P$6,0),2),U$11)))/SUM(R21:U21),"") | CH21: =IFERROR(((V21*(IF(V$11="",INDEX($P$3:$Q$6,MATCH($B$12,$P$3:$P$6,0),2),V$11)))+(W21*(IF(W$11="",INDEX($P$3:$Q$6,MATCH($C$12,$P$3:$P$6,0),2),W$11)))+(X21*IF(X$11="",INDEX($P$3:$Q$6,MATCH($D$12,$P$3:$P$6,0),2),X$11))+(Y21*IF(Y$11="",INDEX($P$3:$Q$6,MATCH($E$12,$P$3:$P$6,0),2),Y$11)))/SUM(V21:Y21),"") | CI21: =IFERROR(((Z21*(IF(Z$11="",INDEX($P$3:$Q$6,MATCH($B$12,$P$3:$P$6,0),2),Z$11)))+(AA21*(IF(AA$11="",INDEX($P$3:$Q$6,MATCH($C$12,$P$3:$P$6,0),2),AA$11)))+(AB21*IF(AB$11="",INDEX($P$3:$Q$6,MATCH($D$12,$P$3:$P$6,0),2),AB$11))+(AC21*IF(AC$11="",INDEX($P$3:$Q$6,MATCH($E$12,$P$3:$P$6,0),2),AC$11)))/SUM(Z21:AC21),"") | CJ21: =IFERROR(((AD21*(IF(AD$11="",INDEX($P$3:$Q$6,MATCH($B$12,$P$3:$P$6,0),2),AD$11)))+(AE21*(IF(AE$11="",INDEX($P$3:$Q$6,MATCH($C$12,$P$3:$P$6,0),2),AE$11)))+(AF21*IF(AF$11="",INDEX($P$3:$Q$6,MATCH($D$12,$P$3:$P$6,0),2),AF$11))+(AG21*IF(AG$11="",INDEX($P$3:$Q$6,MATCH($E$12,$P$3:$P$6,0),2),L$11)))/SUM(AD21:AG21),"") | CK21: =IFERROR(((AH21*(IF(AH$11="",INDEX($P$3:$Q$6,MATCH($B$12,$P$3:$P$6,0),2),AH$11)))+(AI21*(IF(AI$11="",INDEX($P$3:$Q$6,MATCH($C$12,$P$3:$P$6,0),2),AI$11)))+(AJ21*IF(AJ$11="",INDEX($P$3:$Q$6,MATCH($D$12,$P$3:$P$6,0),2),AJ$11))+(AK21*IF(AK$11="",INDEX($P$3:$Q$6,MATCH($E$12,$P$3:$P$6,0),2),AK$11)))/SUM(AH21:AK21),"") | CL21: =IFERROR(((AL21*(IF(AL$11="",INDEX($P$3:$Q$6,MATCH($B$12,$P$3:$P$6,0),2),AL$11)))+(AM21*(IF(AM$11="",INDEX($P$3:$Q$6,MATCH($C$12,$P$3:$P$6,0),2),AM$11)))+(AN21*IF(AN$11="",INDEX($P$3:$Q$6,MATCH($D$12,$P$3:$P$6,0),2),AN$11))+(AO21*IF(AO$11="",INDEX($P$3:$Q$6,MATCH($E$12,$P$3:$P$6,0),2),AO$11)))/SUM(AL21:AO21),"") | CM21: =A21 | CN21: =IF(AND(SUM(INDIRECT("CC"&ROW(CC22) - $BI$4&":CC" & ROW(CC21)))=$BI$4,CM21<>""),"Sim","") | CO21: =IF(AND(SUM(INDIRECT("CD"&ROW(CD22) - $BI$4&":CD" & ROW(CD21)))=$BI$4,$CM21<>""),"Sim","") | CP21: =IF(AND(SUM(INDIRECT("CE"&ROW(CE22) - $BI$4&":CE" & ROW(CE21)))=$BI$4,$CM21<>""),"Sim","") | CQ21: =IF(AND(SUM(INDIRECT("CF"&ROW(CF22) - $BI$4&":CF" & ROW(CF21)))=$BI$4,$CM21<>""),"Sim","") | CR21: =IF(AND(SUM(INDIRECT("CG"&ROW(CG22) - $BI$4&":CG" & ROW(CG21)))=$BI$4,$CM21<>""),"Sim","") | CS21: =IF(AND(SUM(INDIRECT("CH"&ROW(CH22) - $BI$4&":CH" & ROW(CH21)))=$BI$4,$CM21<>""),"Sim","") | CT21: =IF(AND(SUM(INDIRECT("CI"&ROW(CI22) - $BI$4&":CI" & ROW(CI21)))=$BI$4,$CM21<>""),"Sim","") | CU21: =IF(AND(SUM(INDIRECT("CJ"&ROW(CJ22) - $BI$4&":CJ" & ROW(CJ21)))=$BI$4,$CM21<>""),"Sim","") | CV21: =IF(AND(SUM(INDIRECT("CK"&ROW(CK22) - $BI$4&":CK" & ROW(CK21)))=$BI$4,$CM21<>""),"Sim","") | CW21: =IF(AND(SUM(INDIRECT("CL"&ROW(CL22) - $BI$4&":CL" & ROW(CL21)))=$BI$4,$CM21<>""),"Sim","") | DB21: =IF(DD21<>"","Set.","") | DC21: 9 | DD21: =IFERROR(__xludf.DUMMYFUNCTION("IFERROR(AVERAGE(FILTER(INDIRECT(ADDRESS(13, (MATCH($BB$4, $12:$12, 0))) & "":"" & ADDRESS(1000, (MATCH($BB$4, $12:$12, 0)))), $DW$13:$DW$500 = DC21,$A$13:$A$500 >= $DQ$25,$A$13:$A$500 <= $DQ$26)),"""") "),"") | DF21: =$AD$10 | DG21: =IFERROR(__xludf.DUMMYFUNCTION("IFERROR(AVERAGE(FILTER(INDIRECT(ADDRESS(13,(MATCH(DF21,$12:$12,0))) & "":"" & ADDRESS(1000, (MATCH(DF21,$12:$12,0)))),$A$13:$A$500 >= $DQ$25,$A$13:$A$500 <= $DQ$26)),"""")"),"") | DI21: =IF(DK21=1,$AD$10,"") | DJ21: =IF(INDEX($CN$10:$CW$12,1,ROW(BV8))="Recurso Adquirido",INDEX($CN$10:$CW$12,1,ROW(BV8)),"") | DK21: =IF(DJ21="Recurso Adquirido",1,"") | DM21: =$AD$10 | DN21: =IFERROR(__xludf.DUMMYFUNCTION("IFERROR(AVERAGE(FILTER(INDIRECT(ADDRESS(13, (MATCH(DM21, $12:$12, 0))) & "":"" & ADDRESS(1000, (MATCH(DM21, $12:$12, 0)))), $A$13:$A$500 > (DATE(YEAR((TODAY()-(30*2))),MONTH((TODAY()-(30*2))),1)))),"""") "),"") | DQ21: =DATE(DP21,1,1) -> 2 | DU21: =A21 | DV21: =ABA!$A21 | DW21: =IF(DV21<>"",MONTH(DV21),"")
AP22: =IFERROR(AVERAGE(CC22,CD22,CE22,CF22,CG22,CH22,CI22,CJ22,CK22,CL22),"") | CB22: =A22 | CC22: =IFERROR(((B22*(IF(B$11="",INDEX($P$3:$Q$6,MATCH($B$12,$P$3:$P$6,0),2),B$11)))+(C22*(IF(C$11="",INDEX($P$3:$Q$6,MATCH($C$12,$P$3:$P$6,0),2),C$11)))+(D22*IF(D$11="",INDEX($P$3:$Q$6,MATCH($D$12,$P$3:$P$6,0),2),D$11))+(E22*IF(E$11="",INDEX($P$3:$Q$6,MATCH($E$12,$P$3:$P$6,0),2),E$11)))/SUM(B22:E22),"") | CD22: =IFERROR(((F22*(IF(F$11="",INDEX($P$3:$Q$6,MATCH($B$12,$P$3:$P$6,0),2),F$11)))+(G22*(IF(G$11="",INDEX($P$3:$Q$6,MATCH($C$12,$P$3:$P$6,0),2),G$11)))+(H22*IF(H$11="",INDEX($P$3:$Q$6,MATCH($D$12,$P$3:$P$6,0),2),H$11))+(I22*IF(I$11="",INDEX($P$3:$Q$6,MATCH($E$12,$P$3:$P$6,0),2),I$11)))/SUM(F22:I22),"") | CE22: =IFERROR(((J22*(IF(J$11="",INDEX($P$3:$Q$6,MATCH($B$12,$P$3:$P$6,0),2),J$11)))+(K22*(IF(K$11="",INDEX($P$3:$Q$6,MATCH($C$12,$P$3:$P$6,0),2),K$11)))+(L22*IF(L$11="",INDEX($P$3:$Q$6,MATCH($D$12,$P$3:$P$6,0),2),L$11))+(M22*IF(M$11="",INDEX($P$3:$Q$6,MATCH($E$12,$P$3:$P$6,0),2),M$11)))/SUM(J22:M22),"") | CF22: =IFERROR(((N22*(IF(N$11="",INDEX($P$3:$Q$6,MATCH($B$12,$P$3:$P$6,0),2),N$11)))+(O22*(IF(O$11="",INDEX($P$3:$Q$6,MATCH($C$12,$P$3:$P$6,0),2),O$11)))+(P22*IF(P$11="",INDEX($P$3:$Q$6,MATCH($D$12,$P$3:$P$6,0),2),P$11))+(Q22*IF(Q$11="",INDEX($P$3:$Q$6,MATCH($E$12,$P$3:$P$6,0),2),Q$11)))/SUM(N22:Q22),"") | CG22: =IFERROR(((R22*(IF(R$11="",INDEX($P$3:$Q$6,MATCH($B$12,$P$3:$P$6,0),2),R$11)))+(S22*(IF(S$11="",INDEX($P$3:$Q$6,MATCH($C$12,$P$3:$P$6,0),2),S$11)))+(T22*IF(T$11="",INDEX($P$3:$Q$6,MATCH($D$12,$P$3:$P$6,0),2),T$11))+(U22*IF(U$11="",INDEX($P$3:$Q$6,MATCH($E$12,$P$3:$P$6,0),2),U$11)))/SUM(R22:U22),"") | CH22: =IFERROR(((V22*(IF(V$11="",INDEX($P$3:$Q$6,MATCH($B$12,$P$3:$P$6,0),2),V$11)))+(W22*(IF(W$11="",INDEX($P$3:$Q$6,MATCH($C$12,$P$3:$P$6,0),2),W$11)))+(X22*IF(X$11="",INDEX($P$3:$Q$6,MATCH($D$12,$P$3:$P$6,0),2),X$11))+(Y22*IF(Y$11="",INDEX($P$3:$Q$6,MATCH($E$12,$P$3:$P$6,0),2),Y$11)))/SUM(V22:Y22),"") | CI22: =IFERROR(((Z22*(IF(Z$11="",INDEX($P$3:$Q$6,MATCH($B$12,$P$3:$P$6,0),2),Z$11)))+(AA22*(IF(AA$11="",INDEX($P$3:$Q$6,MATCH($C$12,$P$3:$P$6,0),2),AA$11)))+(AB22*IF(AB$11="",INDEX($P$3:$Q$6,MATCH($D$12,$P$3:$P$6,0),2),AB$11))+(AC22*IF(AC$11="",INDEX($P$3:$Q$6,MATCH($E$12,$P$3:$P$6,0),2),AC$11)))/SUM(Z22:AC22),"") | CJ22: =IFERROR(((AD22*(IF(AD$11="",INDEX($P$3:$Q$6,MATCH($B$12,$P$3:$P$6,0),2),AD$11)))+(AE22*(IF(AE$11="",INDEX($P$3:$Q$6,MATCH($C$12,$P$3:$P$6,0),2),AE$11)))+(AF22*IF(AF$11="",INDEX($P$3:$Q$6,MATCH($D$12,$P$3:$P$6,0),2),AF$11))+(AG22*IF(AG$11="",INDEX($P$3:$Q$6,MATCH($E$12,$P$3:$P$6,0),2),L$11)))/SUM(AD22:AG22),"") | CK22: =IFERROR(((AH22*(IF(AH$11="",INDEX($P$3:$Q$6,MATCH($B$12,$P$3:$P$6,0),2),AH$11)))+(AI22*(IF(AI$11="",INDEX($P$3:$Q$6,MATCH($C$12,$P$3:$P$6,0),2),AI$11)))+(AJ22*IF(AJ$11="",INDEX($P$3:$Q$6,MATCH($D$12,$P$3:$P$6,0),2),AJ$11))+(AK22*IF(AK$11="",INDEX($P$3:$Q$6,MATCH($E$12,$P$3:$P$6,0),2),AK$11)))/SUM(AH22:AK22),"") | CL22: =IFERROR(((AL22*(IF(AL$11="",INDEX($P$3:$Q$6,MATCH($B$12,$P$3:$P$6,0),2),AL$11)))+(AM22*(IF(AM$11="",INDEX($P$3:$Q$6,MATCH($C$12,$P$3:$P$6,0),2),AM$11)))+(AN22*IF(AN$11="",INDEX($P$3:$Q$6,MATCH($D$12,$P$3:$P$6,0),2),AN$11))+(AO22*IF(AO$11="",INDEX($P$3:$Q$6,MATCH($E$12,$P$3:$P$6,0),2),AO$11)))/SUM(AL22:AO22),"") | CM22: =A22 | CN22: =IF(AND(SUM(INDIRECT("CC"&ROW(CC23) - $BI$4&":CC" & ROW(CC22)))=$BI$4,CM22<>""),"Sim","") | CO22: =IF(AND(SUM(INDIRECT("CD"&ROW(CD23) - $BI$4&":CD" & ROW(CD22)))=$BI$4,$CM22<>""),"Sim","") | CP22: =IF(AND(SUM(INDIRECT("CE"&ROW(CE23) - $BI$4&":CE" & ROW(CE22)))=$BI$4,$CM22<>""),"Sim","") | CQ22: =IF(AND(SUM(INDIRECT("CF"&ROW(CF23) - $BI$4&":CF" & ROW(CF22)))=$BI$4,$CM22<>""),"Sim","") | CR22: =IF(AND(SUM(INDIRECT("CG"&ROW(CG23) - $BI$4&":CG" & ROW(CG22)))=$BI$4,$CM22<>""),"Sim","") | CS22: =IF(AND(SUM(INDIRECT("CH"&ROW(CH23) - $BI$4&":CH" & ROW(CH22)))=$BI$4,$CM22<>""),"Sim","") | CT22: =IF(AND(SUM(INDIRECT("CI"&ROW(CI23) - $BI$4&":CI" & ROW(CI22)))=$BI$4,$CM22<>""),"Sim","") | CU22: =IF(AND(SUM(INDIRECT("CJ"&ROW(CJ23) - $BI$4&":CJ" & ROW(CJ22)))=$BI$4,$CM22<>""),"Sim","") | CV22: =IF(AND(SUM(INDIRECT("CK"&ROW(CK23) - $BI$4&":CK" & ROW(CK22)))=$BI$4,$CM22<>""),"Sim","") | CW22: =IF(AND(SUM(INDIRECT("CL"&ROW(CL23) - $BI$4&":CL" & ROW(CL22)))=$BI$4,$CM22<>""),"Sim","") | DB22: =IF(DD22<>"","Out.","") | DC22: 10 | DD22: =IFERROR(__xludf.DUMMYFUNCTION("IFERROR(AVERAGE(FILTER(INDIRECT(ADDRESS(13, (MATCH($BB$4, $12:$12, 0))) & "":"" & ADDRESS(1000, (MATCH($BB$4, $12:$12, 0)))), $DW$13:$DW$500 = DC22,$A$13:$A$500 >= $DQ$25,$A$13:$A$500 <= $DQ$26)),"""") "),"") | DF22: =$AH$10 | DG22: =IFERROR(__xludf.DUMMYFUNCTION("IFERROR(AVERAGE(FILTER(INDIRECT(ADDRESS(13,(MATCH(DF22,$12:$12,0))) & "":"" & ADDRESS(1000, (MATCH(DF22,$12:$12,0)))),$A$13:$A$500 >= $DQ$25,$A$13:$A$500 <= $DQ$26)),"""")"),"") | DI22: =IF(DK22=1,$AH$10,"") | DJ22: =IF(INDEX($CN$10:$CW$12,1,ROW(BV9))="Recurso Adquirido",INDEX($CN$10:$CW$12,1,ROW(BV9)),"") | DK22: =IF(DJ22="Recurso Adquirido",1,"") | DM22: =$AH$10 | DN22: =IFERROR(__xludf.DUMMYFUNCTION("IFERROR(AVERAGE(FILTER(INDIRECT(ADDRESS(13, (MATCH(DM22, $12:$12, 0))) & "":"" & ADDRESS(1000, (MATCH(DM22, $12:$12, 0)))), $A$13:$A$500 > (DATE(YEAR((TODAY()-(30*2))),MONTH((TODAY()-(30*2))),1)))),"""") "),"") | DQ22: =DATE(DP22,1,1) -> 2 | DU22: =A22 | DV22: =ABA!$A22 | DW22: =IF(DV22<>"",MONTH(DV22),"")
AP23: =IFERROR(AVERAGE(CC23,CD23,CE23,CF23,CG23,CH23,CI23,CJ23,CK23,CL23),"") | CB23: =A23 | CC23: =IFERROR(((B23*(IF(B$11="",INDEX($P$3:$Q$6,MATCH($B$12,$P$3:$P$6,0),2),B$11)))+(C23*(IF(C$11="",INDEX($P$3:$Q$6,MATCH($C$12,$P$3:$P$6,0),2),C$11)))+(D23*IF(D$11="",INDEX($P$3:$Q$6,MATCH($D$12,$P$3:$P$6,0),2),D$11))+(E23*IF(E$11="",INDEX($P$3:$Q$6,MATCH($E$12,$P$3:$P$6,0),2),E$11)))/SUM(B23:E23),"") | CD23: =IFERROR(((F23*(IF(F$11="",INDEX($P$3:$Q$6,MATCH($B$12,$P$3:$P$6,0),2),F$11)))+(G23*(IF(G$11="",INDEX($P$3:$Q$6,MATCH($C$12,$P$3:$P$6,0),2),G$11)))+(H23*IF(H$11="",INDEX($P$3:$Q$6,MATCH($D$12,$P$3:$P$6,0),2),H$11))+(I23*IF(I$11="",INDEX($P$3:$Q$6,MATCH($E$12,$P$3:$P$6,0),2),I$11)))/SUM(F23:I23),"") | CE23: =IFERROR(((J23*(IF(J$11="",INDEX($P$3:$Q$6,MATCH($B$12,$P$3:$P$6,0),2),J$11)))+(K23*(IF(K$11="",INDEX($P$3:$Q$6,MATCH($C$12,$P$3:$P$6,0),2),K$11)))+(L23*IF(L$11="",INDEX($P$3:$Q$6,MATCH($D$12,$P$3:$P$6,0),2),L$11))+(M23*IF(M$11="",INDEX($P$3:$Q$6,MATCH($E$12,$P$3:$P$6,0),2),M$11)))/SUM(J23:M23),"") | CF23: =IFERROR(((N23*(IF(N$11="",INDEX($P$3:$Q$6,MATCH($B$12,$P$3:$P$6,0),2),N$11)))+(O23*(IF(O$11="",INDEX($P$3:$Q$6,MATCH($C$12,$P$3:$P$6,0),2),O$11)))+(P23*IF(P$11="",INDEX($P$3:$Q$6,MATCH($D$12,$P$3:$P$6,0),2),P$11))+(Q23*IF(Q$11="",INDEX($P$3:$Q$6,MATCH($E$12,$P$3:$P$6,0),2),Q$11)))/SUM(N23:Q23),"") | CG23: =IFERROR(((R23*(IF(R$11="",INDEX($P$3:$Q$6,MATCH($B$12,$P$3:$P$6,0),2),R$11)))+(S23*(IF(S$11="",INDEX($P$3:$Q$6,MATCH($C$12,$P$3:$P$6,0),2),S$11)))+(T23*IF(T$11="",INDEX($P$3:$Q$6,MATCH($D$12,$P$3:$P$6,0),2),T$11))+(U23*IF(U$11="",INDEX($P$3:$Q$6,MATCH($E$12,$P$3:$P$6,0),2),U$11)))/SUM(R23:U23),"") | CH23: =IFERROR(((V23*(IF(V$11="",INDEX($P$3:$Q$6,MATCH($B$12,$P$3:$P$6,0),2),V$11)))+(W23*(IF(W$11="",INDEX($P$3:$Q$6,MATCH($C$12,$P$3:$P$6,0),2),W$11)))+(X23*IF(X$11="",INDEX($P$3:$Q$6,MATCH($D$12,$P$3:$P$6,0),2),X$11))+(Y23*IF(Y$11="",INDEX($P$3:$Q$6,MATCH($E$12,$P$3:$P$6,0),2),Y$11)))/SUM(V23:Y23),"") | CI23: =IFERROR(((Z23*(IF(Z$11="",INDEX($P$3:$Q$6,MATCH($B$12,$P$3:$P$6,0),2),Z$11)))+(AA23*(IF(AA$11="",INDEX($P$3:$Q$6,MATCH($C$12,$P$3:$P$6,0),2),AA$11)))+(AB23*IF(AB$11="",INDEX($P$3:$Q$6,MATCH($D$12,$P$3:$P$6,0),2),AB$11))+(AC23*IF(AC$11="",INDEX($P$3:$Q$6,MATCH($E$12,$P$3:$P$6,0),2),AC$11)))/SUM(Z23:AC23),"") | CJ23: =IFERROR(((AD23*(IF(AD$11="",INDEX($P$3:$Q$6,MATCH($B$12,$P$3:$P$6,0),2),AD$11)))+(AE23*(IF(AE$11="",INDEX($P$3:$Q$6,MATCH($C$12,$P$3:$P$6,0),2),AE$11)))+(AF23*IF(AF$11="",INDEX($P$3:$Q$6,MATCH($D$12,$P$3:$P$6,0),2),AF$11))+(AG23*IF(AG$11="",INDEX($P$3:$Q$6,MATCH($E$12,$P$3:$P$6,0),2),L$11)))/SUM(AD23:AG23),"") | CK23: =IFERROR(((AH23*(IF(AH$11="",INDEX($P$3:$Q$6,MATCH($B$12,$P$3:$P$6,0),2),AH$11)))+(AI23*(IF(AI$11="",INDEX($P$3:$Q$6,MATCH($C$12,$P$3:$P$6,0),2),AI$11)))+(AJ23*IF(AJ$11="",INDEX($P$3:$Q$6,MATCH($D$12,$P$3:$P$6,0),2),AJ$11))+(AK23*IF(AK$11="",INDEX($P$3:$Q$6,MATCH($E$12,$P$3:$P$6,0),2),AK$11)))/SUM(AH23:AK23),"") | CL23: =IFERROR(((AL23*(IF(AL$11="",INDEX($P$3:$Q$6,MATCH($B$12,$P$3:$P$6,0),2),AL$11)))+(AM23*(IF(AM$11="",INDEX($P$3:$Q$6,MATCH($C$12,$P$3:$P$6,0),2),AM$11)))+(AN23*IF(AN$11="",INDEX($P$3:$Q$6,MATCH($D$12,$P$3:$P$6,0),2),AN$11))+(AO23*IF(AO$11="",INDEX($P$3:$Q$6,MATCH($E$12,$P$3:$P$6,0),2),AO$11)))/SUM(AL23:AO23),"") | CM23: =A23 | CN23: =IF(AND(SUM(INDIRECT("CC"&ROW(CC24) - $BI$4&":CC" & ROW(CC23)))=$BI$4,CM23<>""),"Sim","") | CO23: =IF(AND(SUM(INDIRECT("CD"&ROW(CD24) - $BI$4&":CD" & ROW(CD23)))=$BI$4,$CM23<>""),"Sim","") | CP23: =IF(AND(SUM(INDIRECT("CE"&ROW(CE24) - $BI$4&":CE" & ROW(CE23)))=$BI$4,$CM23<>""),"Sim","") | CQ23: =IF(AND(SUM(INDIRECT("CF"&ROW(CF24) - $BI$4&":CF" & ROW(CF23)))=$BI$4,$CM23<>""),"Sim","") | CR23: =IF(AND(SUM(INDIRECT("CG"&ROW(CG24) - $BI$4&":CG" & ROW(CG23)))=$BI$4,$CM23<>""),"Sim","") | CS23: =IF(AND(SUM(INDIRECT("CH"&ROW(CH24) - $BI$4&":CH" & ROW(CH23)))=$BI$4,$CM23<>""),"Sim","") | CT23: =IF(AND(SUM(INDIRECT("CI"&ROW(CI24) - $BI$4&":CI" & ROW(CI23)))=$BI$4,$CM23<>""),"Sim","") | CU23: =IF(AND(SUM(INDIRECT("CJ"&ROW(CJ24) - $BI$4&":CJ" & ROW(CJ23)))=$BI$4,$CM23<>""),"Sim","") | CV23: =IF(AND(SUM(INDIRECT("CK"&ROW(CK24) - $BI$4&":CK" & ROW(CK23)))=$BI$4,$CM23<>""),"Sim","") | CW23: =IF(AND(SUM(INDIRECT("CL"&ROW(CL24) - $BI$4&":CL" & ROW(CL23)))=$BI$4,$CM23<>""),"Sim","") | DB23: =IF(DD23<>"","Nov.","") | DC23: 11 | DD23: =IFERROR(__xludf.DUMMYFUNCTION("IFERROR(AVERAGE(FILTER(INDIRECT(ADDRESS(13, (MATCH($BB$4, $12:$12, 0))) & "":"" & ADDRESS(1000, (MATCH($BB$4, $12:$12, 0)))), $DW$13:$DW$500 = DC23,$A$13:$A$500 >= $DQ$25,$A$13:$A$500 <= $DQ$26)),"""") "),"") | DF23: =$AL$10 | DG23: =IFERROR(__xludf.DUMMYFUNCTION("IFERROR(AVERAGE(FILTER(INDIRECT(ADDRESS(13,(MATCH(DF23,$12:$12,0))) & "":"" & ADDRESS(1000, (MATCH(DF23,$12:$12,0)))),$A$13:$A$500 >= $DQ$25,$A$13:$A$500 <= $DQ$26)),"""")"),"") | DI23: =IF(DK23=1,$AL$10,"") | DJ23: =IF(INDEX($CN$10:$CW$12,1,ROW(BV10))="Recurso Adquirido",INDEX($CN$10:$CW$12,1,ROW(BV10)),"") | DK23: =IF(DJ23="Recurso Adquirido",1,"") | DM23: =$AL$10 | DN23: =IFERROR(__xludf.DUMMYFUNCTION("IFERROR(AVERAGE(FILTER(INDIRECT(ADDRESS(13, (MATCH(DM23, $12:$12, 0))) & "":"" & ADDRESS(1000, (MATCH(DM23, $12:$12, 0)))), $A$13:$A$500 > (DATE(YEAR((TODAY()-(30*2))),MONTH((TODAY()-(30*2))),1)))),"""") "),"") | DQ23: =DATE(DP23,1,1) -> 2 | DU23: =A23 | DV23: =ABA!$A23 | DW23: =IF(DV23<>"",MONTH(DV23),"")
AP24: =IFERROR(AVERAGE(CC24,CD24,CE24,CF24,CG24,CH24,CI24,CJ24,CK24,CL24),"") | CB24: =A24 | CC24: =IFERROR(((B24*(IF(B$11="",INDEX($P$3:$Q$6,MATCH($B$12,$P$3:$P$6,0),2),B$11)))+(C24*(IF(C$11="",INDEX($P$3:$Q$6,MATCH($C$12,$P$3:$P$6,0),2),C$11)))+(D24*IF(D$11="",INDEX($P$3:$Q$6,MATCH($D$12,$P$3:$P$6,0),2),D$11))+(E24*IF(E$11="",INDEX($P$3:$Q$6,MATCH($E$12,$P$3:$P$6,0),2),E$11)))/SUM(B24:E24),"") | CD24: =IFERROR(((F24*(IF(F$11="",INDEX($P$3:$Q$6,MATCH($B$12,$P$3:$P$6,0),2),F$11)))+(G24*(IF(G$11="",INDEX($P$3:$Q$6,MATCH($C$12,$P$3:$P$6,0),2),G$11)))+(H24*IF(H$11="",INDEX($P$3:$Q$6,MATCH($D$12,$P$3:$P$6,0),2),H$11))+(I24*IF(I$11="",INDEX($P$3:$Q$6,MATCH($E$12,$P$3:$P$6,0),2),I$11)))/SUM(F24:I24),"") | CE24: =IFERROR(((J24*(IF(J$11="",INDEX($P$3:$Q$6,MATCH($B$12,$P$3:$P$6,0),2),J$11)))+(K24*(IF(K$11="",INDEX($P$3:$Q$6,MATCH($C$12,$P$3:$P$6,0),2),K$11)))+(L24*IF(L$11="",INDEX($P$3:$Q$6,MATCH($D$12,$P$3:$P$6,0),2),L$11))+(M24*IF(M$11="",INDEX($P$3:$Q$6,MATCH($E$12,$P$3:$P$6,0),2),M$11)))/SUM(J24:M24),"") | CF24: =IFERROR(((N24*(IF(N$11="",INDEX($P$3:$Q$6,MATCH($B$12,$P$3:$P$6,0),2),N$11)))+(O24*(IF(O$11="",INDEX($P$3:$Q$6,MATCH($C$12,$P$3:$P$6,0),2),O$11)))+(P24*IF(P$11="",INDEX($P$3:$Q$6,MATCH($D$12,$P$3:$P$6,0),2),P$11))+(Q24*IF(Q$11="",INDEX($P$3:$Q$6,MATCH($E$12,$P$3:$P$6,0),2),Q$11)))/SUM(N24:Q24),"") | CG24: =IFERROR(((R24*(IF(R$11="",INDEX($P$3:$Q$6,MATCH($B$12,$P$3:$P$6,0),2),R$11)))+(S24*(IF(S$11="",INDEX($P$3:$Q$6,MATCH($C$12,$P$3:$P$6,0),2),S$11)))+(T24*IF(T$11="",INDEX($P$3:$Q$6,MATCH($D$12,$P$3:$P$6,0),2),T$11))+(U24*IF(U$11="",INDEX($P$3:$Q$6,MATCH($E$12,$P$3:$P$6,0),2),U$11)))/SUM(R24:U24),"") | CH24: =IFERROR(((V24*(IF(V$11="",INDEX($P$3:$Q$6,MATCH($B$12,$P$3:$P$6,0),2),V$11)))+(W24*(IF(W$11="",INDEX($P$3:$Q$6,MATCH($C$12,$P$3:$P$6,0),2),W$11)))+(X24*IF(X$11="",INDEX($P$3:$Q$6,MATCH($D$12,$P$3:$P$6,0),2),X$11))+(Y24*IF(Y$11="",INDEX($P$3:$Q$6,MATCH($E$12,$P$3:$P$6,0),2),Y$11)))/SUM(V24:Y24),"") | CI24: =IFERROR(((Z24*(IF(Z$11="",INDEX($P$3:$Q$6,MATCH($B$12,$P$3:$P$6,0),2),Z$11)))+(AA24*(IF(AA$11="",INDEX($P$3:$Q$6,MATCH($C$12,$P$3:$P$6,0),2),AA$11)))+(AB24*IF(AB$11="",INDEX($P$3:$Q$6,MATCH($D$12,$P$3:$P$6,0),2),AB$11))+(AC24*IF(AC$11="",INDEX($P$3:$Q$6,MATCH($E$12,$P$3:$P$6,0),2),AC$11)))/SUM(Z24:AC24),"") | CJ24: =IFERROR(((AD24*(IF(AD$11="",INDEX($P$3:$Q$6,MATCH($B$12,$P$3:$P$6,0),2),AD$11)))+(AE24*(IF(AE$11="",INDEX($P$3:$Q$6,MATCH($C$12,$P$3:$P$6,0),2),AE$11)))+(AF24*IF(AF$11="",INDEX($P$3:$Q$6,MATCH($D$12,$P$3:$P$6,0),2),AF$11))+(AG24*IF(AG$11="",INDEX($P$3:$Q$6,MATCH($E$12,$P$3:$P$6,0),2),L$11)))/SUM(AD24:AG24),"") | CK24: =IFERROR(((AH24*(IF(AH$11="",INDEX($P$3:$Q$6,MATCH($B$12,$P$3:$P$6,0),2),AH$11)))+(AI24*(IF(AI$11="",INDEX($P$3:$Q$6,MATCH($C$12,$P$3:$P$6,0),2),AI$11)))+(AJ24*IF(AJ$11="",INDEX($P$3:$Q$6,MATCH($D$12,$P$3:$P$6,0),2),AJ$11))+(AK24*IF(AK$11="",INDEX($P$3:$Q$6,MATCH($E$12,$P$3:$P$6,0),2),AK$11)))/SUM(AH24:AK24),"") | CL24: =IFERROR(((AL24*(IF(AL$11="",INDEX($P$3:$Q$6,MATCH($B$12,$P$3:$P$6,0),2),AL$11)))+(AM24*(IF(AM$11="",INDEX($P$3:$Q$6,MATCH($C$12,$P$3:$P$6,0),2),AM$11)))+(AN24*IF(AN$11="",INDEX($P$3:$Q$6,MATCH($D$12,$P$3:$P$6,0),2),AN$11))+(AO24*IF(AO$11="",INDEX($P$3:$Q$6,MATCH($E$12,$P$3:$P$6,0),2),AO$11)))/SUM(AL24:AO24),"") | CM24: =A24 | CN24: =IF(AND(SUM(INDIRECT("CC"&ROW(CC25) - $BI$4&":CC" & ROW(CC24)))=$BI$4,CM24<>""),"Sim","") | CO24: =IF(AND(SUM(INDIRECT("CD"&ROW(CD25) - $BI$4&":CD" & ROW(CD24)))=$BI$4,$CM24<>""),"Sim","") | CP24: =IF(AND(SUM(INDIRECT("CE"&ROW(CE25) - $BI$4&":CE" & ROW(CE24)))=$BI$4,$CM24<>""),"Sim","") | CQ24: =IF(AND(SUM(INDIRECT("CF"&ROW(CF25) - $BI$4&":CF" & ROW(CF24)))=$BI$4,$CM24<>""),"Sim","") | CR24: =IF(AND(SUM(INDIRECT("CG"&ROW(CG25) - $BI$4&":CG" & ROW(CG24)))=$BI$4,$CM24<>""),"Sim","") | CS24: =IF(AND(SUM(INDIRECT("CH"&ROW(CH25) - $BI$4&":CH" & ROW(CH24)))=$BI$4,$CM24<>""),"Sim","") | CT24: =IF(AND(SUM(INDIRECT("CI"&ROW(CI25) - $BI$4&":CI" & ROW(CI24)))=$BI$4,$CM24<>""),"Sim","") | CU24: =IF(AND(SUM(INDIRECT("CJ"&ROW(CJ25) - $BI$4&":CJ" & ROW(CJ24)))=$BI$4,$CM24<>""),"Sim","") | CV24: =IF(AND(SUM(INDIRECT("CK"&ROW(CK25) - $BI$4&":CK" & ROW(CK24)))=$BI$4,$CM24<>""),"Sim","") | CW24: =IF(AND(SUM(INDIRECT("CL"&ROW(CL25) - $BI$4&":CL" & ROW(CL24)))=$BI$4,$CM24<>""),"Sim","") | DB24: =IF(DD24<>"","Dez.","") | DC24: 12 | DD24: =IFERROR(__xludf.DUMMYFUNCTION("IFERROR(AVERAGE(FILTER(INDIRECT(ADDRESS(13, (MATCH($BB$4, $12:$12, 0))) & "":"" & ADDRESS(1000, (MATCH($BB$4, $12:$12, 0)))), $DW$13:$DW$500 = DC24,$A$13:$A$500 >= $DQ$25,$A$13:$A$500 <= $DQ$26)),"""") "),"") | DU24: =A24 | DV24: =ABA!$A24 | DW24: =IF(DV24<>"",MONTH(DV24),"")
AP25: =IFERROR(AVERAGE(CC25,CD25,CE25,CF25,CG25,CH25,CI25,CJ25,CK25,CL25),"") | CB25: =A25 | CC25: =IFERROR(((B25*(IF(B$11="",INDEX($P$3:$Q$6,MATCH($B$12,$P$3:$P$6,0),2),B$11)))+(C25*(IF(C$11="",INDEX($P$3:$Q$6,MATCH($C$12,$P$3:$P$6,0),2),C$11)))+(D25*IF(D$11="",INDEX($P$3:$Q$6,MATCH($D$12,$P$3:$P$6,0),2),D$11))+(E25*IF(E$11="",INDEX($P$3:$Q$6,MATCH($E$12,$P$3:$P$6,0),2),E$11)))/SUM(B25:E25),"") | CD25: =IFERROR(((F25*(IF(F$11="",INDEX($P$3:$Q$6,MATCH($B$12,$P$3:$P$6,0),2),F$11)))+(G25*(IF(G$11="",INDEX($P$3:$Q$6,MATCH($C$12,$P$3:$P$6,0),2),G$11)))+(H25*IF(H$11="",INDEX($P$3:$Q$6,MATCH($D$12,$P$3:$P$6,0),2),H$11))+(I25*IF(I$11="",INDEX($P$3:$Q$6,MATCH($E$12,$P$3:$P$6,0),2),I$11)))/SUM(F25:I25),"") | CE25: =IFERROR(((J25*(IF(J$11="",INDEX($P$3:$Q$6,MATCH($B$12,$P$3:$P$6,0),2),J$11)))+(K25*(IF(K$11="",INDEX($P$3:$Q$6,MATCH($C$12,$P$3:$P$6,0),2),K$11)))+(L25*IF(L$11="",INDEX($P$3:$Q$6,MATCH($D$12,$P$3:$P$6,0),2),L$11))+(M25*IF(M$11="",INDEX($P$3:$Q$6,MATCH($E$12,$P$3:$P$6,0),2),M$11)))/SUM(J25:M25),"") | CF25: =IFERROR(((N25*(IF(N$11="",INDEX($P$3:$Q$6,MATCH($B$12,$P$3:$P$6,0),2),N$11)))+(O25*(IF(O$11="",INDEX($P$3:$Q$6,MATCH($C$12,$P$3:$P$6,0),2),O$11)))+(P25*IF(P$11="",INDEX($P$3:$Q$6,MATCH($D$12,$P$3:$P$6,0),2),P$11))+(Q25*IF(Q$11="",INDEX($P$3:$Q$6,MATCH($E$12,$P$3:$P$6,0),2),Q$11)))/SUM(N25:Q25),"") | CG25: =IFERROR(((R25*(IF(R$11="",INDEX($P$3:$Q$6,MATCH($B$12,$P$3:$P$6,0),2),R$11)))+(S25*(IF(S$11="",INDEX($P$3:$Q$6,MATCH($C$12,$P$3:$P$6,0),2),S$11)))+(T25*IF(T$11="",INDEX($P$3:$Q$6,MATCH($D$12,$P$3:$P$6,0),2),T$11))+(U25*IF(U$11="",INDEX($P$3:$Q$6,MATCH($E$12,$P$3:$P$6,0),2),U$11)))/SUM(R25:U25),"") | CH25: =IFERROR(((V25*(IF(V$11="",INDEX($P$3:$Q$6,MATCH($B$12,$P$3:$P$6,0),2),V$11)))+(W25*(IF(W$11="",INDEX($P$3:$Q$6,MATCH($C$12,$P$3:$P$6,0),2),W$11)))+(X25*IF(X$11="",INDEX($P$3:$Q$6,MATCH($D$12,$P$3:$P$6,0),2),X$11))+(Y25*IF(Y$11="",INDEX($P$3:$Q$6,MATCH($E$12,$P$3:$P$6,0),2),Y$11)))/SUM(V25:Y25),"") | CI25: =IFERROR(((Z25*(IF(Z$11="",INDEX($P$3:$Q$6,MATCH($B$12,$P$3:$P$6,0),2),Z$11)))+(AA25*(IF(AA$11="",INDEX($P$3:$Q$6,MATCH($C$12,$P$3:$P$6,0),2),AA$11)))+(AB25*IF(AB$11="",INDEX($P$3:$Q$6,MATCH($D$12,$P$3:$P$6,0),2),AB$11))+(AC25*IF(AC$11="",INDEX($P$3:$Q$6,MATCH($E$12,$P$3:$P$6,0),2),AC$11)))/SUM(Z25:AC25),"") | CJ25: =IFERROR(((AD25*(IF(AD$11="",INDEX($P$3:$Q$6,MATCH($B$12,$P$3:$P$6,0),2),AD$11)))+(AE25*(IF(AE$11="",INDEX($P$3:$Q$6,MATCH($C$12,$P$3:$P$6,0),2),AE$11)))+(AF25*IF(AF$11="",INDEX($P$3:$Q$6,MATCH($D$12,$P$3:$P$6,0),2),AF$11))+(AG25*IF(AG$11="",INDEX($P$3:$Q$6,MATCH($E$12,$P$3:$P$6,0),2),L$11)))/SUM(AD25:AG25),"") | CK25: =IFERROR(((AH25*(IF(AH$11="",INDEX($P$3:$Q$6,MATCH($B$12,$P$3:$P$6,0),2),AH$11)))+(AI25*(IF(AI$11="",INDEX($P$3:$Q$6,MATCH($C$12,$P$3:$P$6,0),2),AI$11)))+(AJ25*IF(AJ$11="",INDEX($P$3:$Q$6,MATCH($D$12,$P$3:$P$6,0),2),AJ$11))+(AK25*IF(AK$11="",INDEX($P$3:$Q$6,MATCH($E$12,$P$3:$P$6,0),2),AK$11)))/SUM(AH25:AK25),"") | CL25: =IFERROR(((AL25*(IF(AL$11="",INDEX($P$3:$Q$6,MATCH($B$12,$P$3:$P$6,0),2),AL$11)))+(AM25*(IF(AM$11="",INDEX($P$3:$Q$6,MATCH($C$12,$P$3:$P$6,0),2),AM$11)))+(AN25*IF(AN$11="",INDEX($P$3:$Q$6,MATCH($D$12,$P$3:$P$6,0),2),AN$11))+(AO25*IF(AO$11="",INDEX($P$3:$Q$6,MATCH($E$12,$P$3:$P$6,0),2),AO$11)))/SUM(AL25:AO25),"") | CM25: =A25 | CN25: =IF(AND(SUM(INDIRECT("CC"&ROW(CC26) - $BI$4&":CC" & ROW(CC25)))=$BI$4,CM25<>""),"Sim","") | CO25: =IF(AND(SUM(INDIRECT("CD"&ROW(CD26) - $BI$4&":CD" & ROW(CD25)))=$BI$4,$CM25<>""),"Sim","") | CP25: =IF(AND(SUM(INDIRECT("CE"&ROW(CE26) - $BI$4&":CE" & ROW(CE25)))=$BI$4,$CM25<>""),"Sim","") | CQ25: =IF(AND(SUM(INDIRECT("CF"&ROW(CF26) - $BI$4&":CF" & ROW(CF25)))=$BI$4,$CM25<>""),"Sim","") | CR25: =IF(AND(SUM(INDIRECT("CG"&ROW(CG26) - $BI$4&":CG" & ROW(CG25)))=$BI$4,$CM25<>""),"Sim","") | CS25: =IF(AND(SUM(INDIRECT("CH"&ROW(CH26) - $BI$4&":CH" & ROW(CH25)))=$BI$4,$CM25<>""),"Sim","") | CT25: =IF(AND(SUM(INDIRECT("CI"&ROW(CI26) - $BI$4&":CI" & ROW(CI25)))=$BI$4,$CM25<>""),"Sim","") | CU25: =IF(AND(SUM(INDIRECT("CJ"&ROW(CJ26) - $BI$4&":CJ" & ROW(CJ25)))=$BI$4,$CM25<>""),"Sim","") | CV25: =IF(AND(SUM(INDIRECT("CK"&ROW(CK26) - $BI$4&":CK" & ROW(CK25)))=$BI$4,$CM25<>""),"Sim","") | CW25: =IF(AND(SUM(INDIRECT("CL"&ROW(CL26) - $BI$4&":CL" & ROW(CL25)))=$BI$4,$CM25<>""),"Sim","") | DP25: Escolhido: | DQ25: {=INDEX(DP13:DQ23,MATCH(AU4,DP13:DP23,0),2)} -> 2 | DU25: =A25 | DV25: =ABA!$A25 | DW25: =IF(DV25<>"",MONTH(DV25),"")
AP26: =IFERROR(AVERAGE(CC26,CD26,CE26,CF26,CG26,CH26,CI26,CJ26,CK26,CL26),"") | CB26: =A26 | CC26: =IFERROR(((B26*(IF(B$11="",INDEX($P$3:$Q$6,MATCH($B$12,$P$3:$P$6,0),2),B$11)))+(C26*(IF(C$11="",INDEX($P$3:$Q$6,MATCH($C$12,$P$3:$P$6,0),2),C$11)))+(D26*IF(D$11="",INDEX($P$3:$Q$6,MATCH($D$12,$P$3:$P$6,0),2),D$11))+(E26*IF(E$11="",INDEX($P$3:$Q$6,MATCH($E$12,$P$3:$P$6,0),2),E$11)))/SUM(B26:E26),"") | CD26: =IFERROR(((F26*(IF(F$11="",INDEX($P$3:$Q$6,MATCH($B$12,$P$3:$P$6,0),2),F$11)))+(G26*(IF(G$11="",INDEX($P$3:$Q$6,MATCH($C$12,$P$3:$P$6,0),2),G$11)))+(H26*IF(H$11="",INDEX($P$3:$Q$6,MATCH($D$12,$P$3:$P$6,0),2),H$11))+(I26*IF(I$11="",INDEX($P$3:$Q$6,MATCH($E$12,$P$3:$P$6,0),2),I$11)))/SUM(F26:I26),"") | CE26: =IFERROR(((J26*(IF(J$11="",INDEX($P$3:$Q$6,MATCH($B$12,$P$3:$P$6,0),2),J$11)))+(K26*(IF(K$11="",INDEX($P$3:$Q$6,MATCH($C$12,$P$3:$P$6,0),2),K$11)))+(L26*IF(L$11="",INDEX($P$3:$Q$6,MATCH($D$12,$P$3:$P$6,0),2),L$11))+(M26*IF(M$11="",INDEX($P$3:$Q$6,MATCH($E$12,$P$3:$P$6,0),2),M$11)))/SUM(J26:M26),"") | CF26: =IFERROR(((N26*(IF(N$11="",INDEX($P$3:$Q$6,MATCH($B$12,$P$3:$P$6,0),2),N$11)))+(O26*(IF(O$11="",INDEX($P$3:$Q$6,MATCH($C$12,$P$3:$P$6,0),2),O$11)))+(P26*IF(P$11="",INDEX($P$3:$Q$6,MATCH($D$12,$P$3:$P$6,0),2),P$11))+(Q26*IF(Q$11="",INDEX($P$3:$Q$6,MATCH($E$12,$P$3:$P$6,0),2),Q$11)))/SUM(N26:Q26),"") | CG26: =IFERROR(((R26*(IF(R$11="",INDEX($P$3:$Q$6,MATCH($B$12,$P$3:$P$6,0),2),R$11)))+(S26*(IF(S$11="",INDEX($P$3:$Q$6,MATCH($C$12,$P$3:$P$6,0),2),S$11)))+(T26*IF(T$11="",INDEX($P$3:$Q$6,MATCH($D$12,$P$3:$P$6,0),2),T$11))+(U26*IF(U$11="",INDEX($P$3:$Q$6,MATCH($E$12,$P$3:$P$6,0),2),U$11)))/SUM(R26:U26),"") | CH26: =IFERROR(((V26*(IF(V$11="",INDEX($P$3:$Q$6,MATCH($B$12,$P$3:$P$6,0),2),V$11)))+(W26*(IF(W$11="",INDEX($P$3:$Q$6,MATCH($C$12,$P$3:$P$6,0),2),W$11)))+(X26*IF(X$11="",INDEX($P$3:$Q$6,MATCH($D$12,$P$3:$P$6,0),2),X$11))+(Y26*IF(Y$11="",INDEX($P$3:$Q$6,MATCH($E$12,$P$3:$P$6,0),2),Y$11)))/SUM(V26:Y26),"") | CI26: =IFERROR(((Z26*(IF(Z$11="",INDEX($P$3:$Q$6,MATCH($B$12,$P$3:$P$6,0),2),Z$11)))+(AA26*(IF(AA$11="",INDEX($P$3:$Q$6,MATCH($C$12,$P$3:$P$6,0),2),AA$11)))+(AB26*IF(AB$11="",INDEX($P$3:$Q$6,MATCH($D$12,$P$3:$P$6,0),2),AB$11))+(AC26*IF(AC$11="",INDEX($P$3:$Q$6,MATCH($E$12,$P$3:$P$6,0),2),AC$11)))/SUM(Z26:AC26),"") | CJ26: =IFERROR(((AD26*(IF(AD$11="",INDEX($P$3:$Q$6,MATCH($B$12,$P$3:$P$6,0),2),AD$11)))+(AE26*(IF(AE$11="",INDEX($P$3:$Q$6,MATCH($C$12,$P$3:$P$6,0),2),AE$11)))+(AF26*IF(AF$11="",INDEX($P$3:$Q$6,MATCH($D$12,$P$3:$P$6,0),2),AF$11))+(AG26*IF(AG$11="",INDEX($P$3:$Q$6,MATCH($E$12,$P$3:$P$6,0),2),L$11)))/SUM(AD26:AG26),"") | CK26: =IFERROR(((AH26*(IF(AH$11="",INDEX($P$3:$Q$6,MATCH($B$12,$P$3:$P$6,0),2),AH$11)))+(AI26*(IF(AI$11="",INDEX($P$3:$Q$6,MATCH($C$12,$P$3:$P$6,0),2),AI$11)))+(AJ26*IF(AJ$11="",INDEX($P$3:$Q$6,MATCH($D$12,$P$3:$P$6,0),2),AJ$11))+(AK26*IF(AK$11="",INDEX($P$3:$Q$6,MATCH($E$12,$P$3:$P$6,0),2),AK$11)))/SUM(AH26:AK26),"") | CL26: =IFERROR(((AL26*(IF(AL$11="",INDEX($P$3:$Q$6,MATCH($B$12,$P$3:$P$6,0),2),AL$11)))+(AM26*(IF(AM$11="",INDEX($P$3:$Q$6,MATCH($C$12,$P$3:$P$6,0),2),AM$11)))+(AN26*IF(AN$11="",INDEX($P$3:$Q$6,MATCH($D$12,$P$3:$P$6,0),2),AN$11))+(AO26*IF(AO$11="",INDEX($P$3:$Q$6,MATCH($E$12,$P$3:$P$6,0),2),AO$11)))/SUM(AL26:AO26),"") | CM26: =A26 | CN26: =IF(AND(SUM(INDIRECT("CC"&ROW(CC27) - $BI$4&":CC" & ROW(CC26)))=$BI$4,CM26<>""),"Sim","") | CO26: =IF(AND(SUM(INDIRECT("CD"&ROW(CD27) - $BI$4&":CD" & ROW(CD26)))=$BI$4,$CM26<>""),"Sim","") | CP26: =IF(AND(SUM(INDIRECT("CE"&ROW(CE27) - $BI$4&":CE" & ROW(CE26)))=$BI$4,$CM26<>""),"Sim","") | CQ26: =IF(AND(SUM(INDIRECT("CF"&ROW(CF27) - $BI$4&":CF" & ROW(CF26)))=$BI$4,$CM26<>""),"Sim","") | CR26: =IF(AND(SUM(INDIRECT("CG"&ROW(CG27) - $BI$4&":CG" & ROW(CG26)))=$BI$4,$CM26<>""),"Sim","") | CS26: =IF(AND(SUM(INDIRECT("CH"&ROW(CH27) - $BI$4&":CH" & ROW(CH26)))=$BI$4,$CM26<>""),"Sim","") | CT26: =IF(AND(SUM(INDIRECT("CI"&ROW(CI27) - $BI$4&":CI" & ROW(CI26)))=$BI$4,$CM26<>""),"Sim","") | CU26: =IF(AND(SUM(INDIRECT("CJ"&ROW(CJ27) - $BI$4&":CJ" & ROW(CJ26)))=$BI$4,$CM26<>""),"Sim","") | CV26: =IF(AND(SUM(INDIRECT("CK"&ROW(CK27) - $BI$4&":CK" & ROW(CK26)))=$BI$4,$CM26<>""),"Sim","") | CW26: =IF(AND(SUM(INDIRECT("CL"&ROW(CL27) - $BI$4&":CL" & ROW(CL26)))=$BI$4,$CM26<>""),"Sim","") | DP26: Limite: | DQ26: =IF(OR(DQ25=DATE(1900,1,1),AU4=DP14),TODAY(),DATE(YEAR(DQ25),12,31)) -> 46245 | DU26: =A26 | DV26: =ABA!$A26 | DW26: =IF(DV26<>"",MONTH(DV26),"")
AP27: =IFERROR(AVERAGE(CC27,CD27,CE27,CF27,CG27,CH27,CI27,CJ27,CK27,CL27),"") | CB27: =A27 | CC27: =IFERROR(((B27*(IF(B$11="",INDEX($P$3:$Q$6,MATCH($B$12,$P$3:$P$6,0),2),B$11)))+(C27*(IF(C$11="",INDEX($P$3:$Q$6,MATCH($C$12,$P$3:$P$6,0),2),C$11)))+(D27*IF(D$11="",INDEX($P$3:$Q$6,MATCH($D$12,$P$3:$P$6,0),2),D$11))+(E27*IF(E$11="",INDEX($P$3:$Q$6,MATCH($E$12,$P$3:$P$6,0),2),E$11)))/SUM(B27:E27),"") | CD27: =IFERROR(((F27*(IF(F$11="",INDEX($P$3:$Q$6,MATCH($B$12,$P$3:$P$6,0),2),F$11)))+(G27*(IF(G$11="",INDEX($P$3:$Q$6,MATCH($C$12,$P$3:$P$6,0),2),G$11)))+(H27*IF(H$11="",INDEX($P$3:$Q$6,MATCH($D$12,$P$3:$P$6,0),2),H$11))+(I27*IF(I$11="",INDEX($P$3:$Q$6,MATCH($E$12,$P$3:$P$6,0),2),I$11)))/SUM(F27:I27),"") | CE27: =IFERROR(((J27*(IF(J$11="",INDEX($P$3:$Q$6,MATCH($B$12,$P$3:$P$6,0),2),J$11)))+(K27*(IF(K$11="",INDEX($P$3:$Q$6,MATCH($C$12,$P$3:$P$6,0),2),K$11)))+(L27*IF(L$11="",INDEX($P$3:$Q$6,MATCH($D$12,$P$3:$P$6,0),2),L$11))+(M27*IF(M$11="",INDEX($P$3:$Q$6,MATCH($E$12,$P$3:$P$6,0),2),M$11)))/SUM(J27:M27),"") | CF27: =IFERROR(((N27*(IF(N$11="",INDEX($P$3:$Q$6,MATCH($B$12,$P$3:$P$6,0),2),N$11)))+(O27*(IF(O$11="",INDEX($P$3:$Q$6,MATCH($C$12,$P$3:$P$6,0),2),O$11)))+(P27*IF(P$11="",INDEX($P$3:$Q$6,MATCH($D$12,$P$3:$P$6,0),2),P$11))+(Q27*IF(Q$11="",INDEX($P$3:$Q$6,MATCH($E$12,$P$3:$P$6,0),2),Q$11)))/SUM(N27:Q27),"") | CG27: =IFERROR(((R27*(IF(R$11="",INDEX($P$3:$Q$6,MATCH($B$12,$P$3:$P$6,0),2),R$11)))+(S27*(IF(S$11="",INDEX($P$3:$Q$6,MATCH($C$12,$P$3:$P$6,0),2),S$11)))+(T27*IF(T$11="",INDEX($P$3:$Q$6,MATCH($D$12,$P$3:$P$6,0),2),T$11))+(U27*IF(U$11="",INDEX($P$3:$Q$6,MATCH($E$12,$P$3:$P$6,0),2),U$11)))/SUM(R27:U27),"") | CH27: =IFERROR(((V27*(IF(V$11="",INDEX($P$3:$Q$6,MATCH($B$12,$P$3:$P$6,0),2),V$11)))+(W27*(IF(W$11="",INDEX($P$3:$Q$6,MATCH($C$12,$P$3:$P$6,0),2),W$11)))+(X27*IF(X$11="",INDEX($P$3:$Q$6,MATCH($D$12,$P$3:$P$6,0),2),X$11))+(Y27*IF(Y$11="",INDEX($P$3:$Q$6,MATCH($E$12,$P$3:$P$6,0),2),Y$11)))/SUM(V27:Y27),"") | CI27: =IFERROR(((Z27*(IF(Z$11="",INDEX($P$3:$Q$6,MATCH($B$12,$P$3:$P$6,0),2),Z$11)))+(AA27*(IF(AA$11="",INDEX($P$3:$Q$6,MATCH($C$12,$P$3:$P$6,0),2),AA$11)))+(AB27*IF(AB$11="",INDEX($P$3:$Q$6,MATCH($D$12,$P$3:$P$6,0),2),AB$11))+(AC27*IF(AC$11="",INDEX($P$3:$Q$6,MATCH($E$12,$P$3:$P$6,0),2),AC$11)))/SUM(Z27:AC27),"") | CJ27: =IFERROR(((AD27*(IF(AD$11="",INDEX($P$3:$Q$6,MATCH($B$12,$P$3:$P$6,0),2),AD$11)))+(AE27*(IF(AE$11="",INDEX($P$3:$Q$6,MATCH($C$12,$P$3:$P$6,0),2),AE$11)))+(AF27*IF(AF$11="",INDEX($P$3:$Q$6,MATCH($D$12,$P$3:$P$6,0),2),AF$11))+(AG27*IF(AG$11="",INDEX($P$3:$Q$6,MATCH($E$12,$P$3:$P$6,0),2),L$11)))/SUM(AD27:AG27),"") | CK27: =IFERROR(((AH27*(IF(AH$11="",INDEX($P$3:$Q$6,MATCH($B$12,$P$3:$P$6,0),2),AH$11)))+(AI27*(IF(AI$11="",INDEX($P$3:$Q$6,MATCH($C$12,$P$3:$P$6,0),2),AI$11)))+(AJ27*IF(AJ$11="",INDEX($P$3:$Q$6,MATCH($D$12,$P$3:$P$6,0),2),AJ$11))+(AK27*IF(AK$11="",INDEX($P$3:$Q$6,MATCH($E$12,$P$3:$P$6,0),2),AK$11)))/SUM(AH27:AK27),"") | CL27: =IFERROR(((AL27*(IF(AL$11="",INDEX($P$3:$Q$6,MATCH($B$12,$P$3:$P$6,0),2),AL$11)))+(AM27*(IF(AM$11="",INDEX($P$3:$Q$6,MATCH($C$12,$P$3:$P$6,0),2),AM$11)))+(AN27*IF(AN$11="",INDEX($P$3:$Q$6,MATCH($D$12,$P$3:$P$6,0),2),AN$11))+(AO27*IF(AO$11="",INDEX($P$3:$Q$6,MATCH($E$12,$P$3:$P$6,0),2),AO$11)))/SUM(AL27:AO27),"") | CM27: =A27 | CN27: =IF(AND(SUM(INDIRECT("CC"&ROW(CC28) - $BI$4&":CC" & ROW(CC27)))=$BI$4,CM27<>""),"Sim","") | CO27: =IF(AND(SUM(INDIRECT("CD"&ROW(CD28) - $BI$4&":CD" & ROW(CD27)))=$BI$4,$CM27<>""),"Sim","") | CP27: =IF(AND(SUM(INDIRECT("CE"&ROW(CE28) - $BI$4&":CE" & ROW(CE27)))=$BI$4,$CM27<>""),"Sim","") | CQ27: =IF(AND(SUM(INDIRECT("CF"&ROW(CF28) - $BI$4&":CF" & ROW(CF27)))=$BI$4,$CM27<>""),"Sim","") | CR27: =IF(AND(SUM(INDIRECT("CG"&ROW(CG28) - $BI$4&":CG" & ROW(CG27)))=$BI$4,$CM27<>""),"Sim","") | CS27: =IF(AND(SUM(INDIRECT("CH"&ROW(CH28) - $BI$4&":CH" & ROW(CH27)))=$BI$4,$CM27<>""),"Sim","") | CT27: =IF(AND(SUM(INDIRECT("CI"&ROW(CI28) - $BI$4&":CI" & ROW(CI27)))=$BI$4,$CM27<>""),"Sim","") | CU27: =IF(AND(SUM(INDIRECT("CJ"&ROW(CJ28) - $BI$4&":CJ" & ROW(CJ27)))=$BI$4,$CM27<>""),"Sim","") | CV27: =IF(AND(SUM(INDIRECT("CK"&ROW(CK28) - $BI$4&":CK" & ROW(CK27)))=$BI$4,$CM27<>""),"Sim","") | CW27: =IF(AND(SUM(INDIRECT("CL"&ROW(CL28) - $BI$4&":CL" & ROW(CL27)))=$BI$4,$CM27<>""),"Sim","") | DB27: =IF(DD27<>"","Jan.","") -> Jan. | DC27: 1 | DD27: =IFERROR(__xludf.DUMMYFUNCTION("IFERROR(AVERAGE(FILTER($AP$13:$AP$500,$A$13:$A$500>=$DQ$25,$A$13:$A$500<=$DQ$26,$DW$13:$DW$500=DC27)),"""")"),0.8027777777777777) -> 0.80277778 | DU27: =A27 | DV27: =ABA!$A27 | DW27: =IF(DV27<>"",MONTH(DV27),"")
AP28: =IFERROR(AVERAGE(CC28,CD28,CE28,CF28,CG28,CH28,CI28,CJ28,CK28,CL28),"") | CB28: =A28 | CC28: =IFERROR(((B28*(IF(B$11="",INDEX($P$3:$Q$6,MATCH($B$12,$P$3:$P$6,0),2),B$11)))+(C28*(IF(C$11="",INDEX($P$3:$Q$6,MATCH($C$12,$P$3:$P$6,0),2),C$11)))+(D28*IF(D$11="",INDEX($P$3:$Q$6,MATCH($D$12,$P$3:$P$6,0),2),D$11))+(E28*IF(E$11="",INDEX($P$3:$Q$6,MATCH($E$12,$P$3:$P$6,0),2),E$11)))/SUM(B28:E28),"") | CD28: =IFERROR(((F28*(IF(F$11="",INDEX($P$3:$Q$6,MATCH($B$12,$P$3:$P$6,0),2),F$11)))+(G28*(IF(G$11="",INDEX($P$3:$Q$6,MATCH($C$12,$P$3:$P$6,0),2),G$11)))+(H28*IF(H$11="",INDEX($P$3:$Q$6,MATCH($D$12,$P$3:$P$6,0),2),H$11))+(I28*IF(I$11="",INDEX($P$3:$Q$6,MATCH($E$12,$P$3:$P$6,0),2),I$11)))/SUM(F28:I28),"") | CE28: =IFERROR(((J28*(IF(J$11="",INDEX($P$3:$Q$6,MATCH($B$12,$P$3:$P$6,0),2),J$11)))+(K28*(IF(K$11="",INDEX($P$3:$Q$6,MATCH($C$12,$P$3:$P$6,0),2),K$11)))+(L28*IF(L$11="",INDEX($P$3:$Q$6,MATCH($D$12,$P$3:$P$6,0),2),L$11))+(M28*IF(M$11="",INDEX($P$3:$Q$6,MATCH($E$12,$P$3:$P$6,0),2),M$11)))/SUM(J28:M28),"") | CF28: =IFERROR(((N28*(IF(N$11="",INDEX($P$3:$Q$6,MATCH($B$12,$P$3:$P$6,0),2),N$11)))+(O28*(IF(O$11="",INDEX($P$3:$Q$6,MATCH($C$12,$P$3:$P$6,0),2),O$11)))+(P28*IF(P$11="",INDEX($P$3:$Q$6,MATCH($D$12,$P$3:$P$6,0),2),P$11))+(Q28*IF(Q$11="",INDEX($P$3:$Q$6,MATCH($E$12,$P$3:$P$6,0),2),Q$11)))/SUM(N28:Q28),"") | CG28: =IFERROR(((R28*(IF(R$11="",INDEX($P$3:$Q$6,MATCH($B$12,$P$3:$P$6,0),2),R$11)))+(S28*(IF(S$11="",INDEX($P$3:$Q$6,MATCH($C$12,$P$3:$P$6,0),2),S$11)))+(T28*IF(T$11="",INDEX($P$3:$Q$6,MATCH($D$12,$P$3:$P$6,0),2),T$11))+(U28*IF(U$11="",INDEX($P$3:$Q$6,MATCH($E$12,$P$3:$P$6,0),2),U$11)))/SUM(R28:U28),"") | CH28: =IFERROR(((V28*(IF(V$11="",INDEX($P$3:$Q$6,MATCH($B$12,$P$3:$P$6,0),2),V$11)))+(W28*(IF(W$11="",INDEX($P$3:$Q$6,MATCH($C$12,$P$3:$P$6,0),2),W$11)))+(X28*IF(X$11="",INDEX($P$3:$Q$6,MATCH($D$12,$P$3:$P$6,0),2),X$11))+(Y28*IF(Y$11="",INDEX($P$3:$Q$6,MATCH($E$12,$P$3:$P$6,0),2),Y$11)))/SUM(V28:Y28),"") | CI28: =IFERROR(((Z28*(IF(Z$11="",INDEX($P$3:$Q$6,MATCH($B$12,$P$3:$P$6,0),2),Z$11)))+(AA28*(IF(AA$11="",INDEX($P$3:$Q$6,MATCH($C$12,$P$3:$P$6,0),2),AA$11)))+(AB28*IF(AB$11="",INDEX($P$3:$Q$6,MATCH($D$12,$P$3:$P$6,0),2),AB$11))+(AC28*IF(AC$11="",INDEX($P$3:$Q$6,MATCH($E$12,$P$3:$P$6,0),2),AC$11)))/SUM(Z28:AC28),"") | CJ28: =IFERROR(((AD28*(IF(AD$11="",INDEX($P$3:$Q$6,MATCH($B$12,$P$3:$P$6,0),2),AD$11)))+(AE28*(IF(AE$11="",INDEX($P$3:$Q$6,MATCH($C$12,$P$3:$P$6,0),2),AE$11)))+(AF28*IF(AF$11="",INDEX($P$3:$Q$6,MATCH($D$12,$P$3:$P$6,0),2),AF$11))+(AG28*IF(AG$11="",INDEX($P$3:$Q$6,MATCH($E$12,$P$3:$P$6,0),2),L$11)))/SUM(AD28:AG28),"") | CK28: =IFERROR(((AH28*(IF(AH$11="",INDEX($P$3:$Q$6,MATCH($B$12,$P$3:$P$6,0),2),AH$11)))+(AI28*(IF(AI$11="",INDEX($P$3:$Q$6,MATCH($C$12,$P$3:$P$6,0),2),AI$11)))+(AJ28*IF(AJ$11="",INDEX($P$3:$Q$6,MATCH($D$12,$P$3:$P$6,0),2),AJ$11))+(AK28*IF(AK$11="",INDEX($P$3:$Q$6,MATCH($E$12,$P$3:$P$6,0),2),AK$11)))/SUM(AH28:AK28),"") | CL28: =IFERROR(((AL28*(IF(AL$11="",INDEX($P$3:$Q$6,MATCH($B$12,$P$3:$P$6,0),2),AL$11)))+(AM28*(IF(AM$11="",INDEX($P$3:$Q$6,MATCH($C$12,$P$3:$P$6,0),2),AM$11)))+(AN28*IF(AN$11="",INDEX($P$3:$Q$6,MATCH($D$12,$P$3:$P$6,0),2),AN$11))+(AO28*IF(AO$11="",INDEX($P$3:$Q$6,MATCH($E$12,$P$3:$P$6,0),2),AO$11)))/SUM(AL28:AO28),"") | CM28: =A28 | CN28: =IF(AND(SUM(INDIRECT("CC"&ROW(CC29) - $BI$4&":CC" & ROW(CC28)))=$BI$4,CM28<>""),"Sim","") | CO28: =IF(AND(SUM(INDIRECT("CD"&ROW(CD29) - $BI$4&":CD" & ROW(CD28)))=$BI$4,$CM28<>""),"Sim","") | CP28: =IF(AND(SUM(INDIRECT("CE"&ROW(CE29) - $BI$4&":CE" & ROW(CE28)))=$BI$4,$CM28<>""),"Sim","") | CQ28: =IF(AND(SUM(INDIRECT("CF"&ROW(CF29) - $BI$4&":CF" & ROW(CF28)))=$BI$4,$CM28<>""),"Sim","") | CR28: =IF(AND(SUM(INDIRECT("CG"&ROW(CG29) - $BI$4&":CG" & ROW(CG28)))=$BI$4,$CM28<>""),"Sim","") | CS28: =IF(AND(SUM(INDIRECT("CH"&ROW(CH29) - $BI$4&":CH" & ROW(CH28)))=$BI$4,$CM28<>""),"Sim","") | CT28: =IF(AND(SUM(INDIRECT("CI"&ROW(CI29) - $BI$4&":CI" & ROW(CI28)))=$BI$4,$CM28<>""),"Sim","") | CU28: =IF(AND(SUM(INDIRECT("CJ"&ROW(CJ29) - $BI$4&":CJ" & ROW(CJ28)))=$BI$4,$CM28<>""),"Sim","") | CV28: =IF(AND(SUM(INDIRECT("CK"&ROW(CK29) - $BI$4&":CK" & ROW(CK28)))=$BI$4,$CM28<>""),"Sim","") | CW28: =IF(AND(SUM(INDIRECT("CL"&ROW(CL29) - $BI$4&":CL" & ROW(CL28)))=$BI$4,$CM28<>""),"Sim","") | DB28: =IF(DD28<>"","Fev.","") -> Fev. | DC28: 2 | DD28: =IFERROR(__xludf.DUMMYFUNCTION("IFERROR(AVERAGE(FILTER($AP$13:$AP$500,$A$13:$A$500>=$DQ$25,$A$13:$A$500<=$DQ$26,$DW$13:$DW$500=DC28)),"""")"),0.9199999999999999) -> 0.92 | DU28: =A28 | DV28: =ABA!$A28 | DW28: =IF(DV28<>"",MONTH(DV28),"")
AP29: =IFERROR(AVERAGE(CC29,CD29,CE29,CF29,CG29,CH29,CI29,CJ29,CK29,CL29),"") | CB29: =A29 | CC29: =IFERROR(((B29*(IF(B$11="",INDEX($P$3:$Q$6,MATCH($B$12,$P$3:$P$6,0),2),B$11)))+(C29*(IF(C$11="",INDEX($P$3:$Q$6,MATCH($C$12,$P$3:$P$6,0),2),C$11)))+(D29*IF(D$11="",INDEX($P$3:$Q$6,MATCH($D$12,$P$3:$P$6,0),2),D$11))+(E29*IF(E$11="",INDEX($P$3:$Q$6,MATCH($E$12,$P$3:$P$6,0),2),E$11)))/SUM(B29:E29),"") | CD29: =IFERROR(((F29*(IF(F$11="",INDEX($P$3:$Q$6,MATCH($B$12,$P$3:$P$6,0),2),F$11)))+(G29*(IF(G$11="",INDEX($P$3:$Q$6,MATCH($C$12,$P$3:$P$6,0),2),G$11)))+(H29*IF(H$11="",INDEX($P$3:$Q$6,MATCH($D$12,$P$3:$P$6,0),2),H$11))+(I29*IF(I$11="",INDEX($P$3:$Q$6,MATCH($E$12,$P$3:$P$6,0),2),I$11)))/SUM(F29:I29),"") | CE29: =IFERROR(((J29*(IF(J$11="",INDEX($P$3:$Q$6,MATCH($B$12,$P$3:$P$6,0),2),J$11)))+(K29*(IF(K$11="",INDEX($P$3:$Q$6,MATCH($C$12,$P$3:$P$6,0),2),K$11)))+(L29*IF(L$11="",INDEX($P$3:$Q$6,MATCH($D$12,$P$3:$P$6,0),2),L$11))+(M29*IF(M$11="",INDEX($P$3:$Q$6,MATCH($E$12,$P$3:$P$6,0),2),M$11)))/SUM(J29:M29),"") | CF29: =IFERROR(((N29*(IF(N$11="",INDEX($P$3:$Q$6,MATCH($B$12,$P$3:$P$6,0),2),N$11)))+(O29*(IF(O$11="",INDEX($P$3:$Q$6,MATCH($C$12,$P$3:$P$6,0),2),O$11)))+(P29*IF(P$11="",INDEX($P$3:$Q$6,MATCH($D$12,$P$3:$P$6,0),2),P$11))+(Q29*IF(Q$11="",INDEX($P$3:$Q$6,MATCH($E$12,$P$3:$P$6,0),2),Q$11)))/SUM(N29:Q29),"") | CG29: =IFERROR(((R29*(IF(R$11="",INDEX($P$3:$Q$6,MATCH($B$12,$P$3:$P$6,0),2),R$11)))+(S29*(IF(S$11="",INDEX($P$3:$Q$6,MATCH($C$12,$P$3:$P$6,0),2),S$11)))+(T29*IF(T$11="",INDEX($P$3:$Q$6,MATCH($D$12,$P$3:$P$6,0),2),T$11))+(U29*IF(U$11="",INDEX($P$3:$Q$6,MATCH($E$12,$P$3:$P$6,0),2),U$11)))/SUM(R29:U29),"") | CH29: =IFERROR(((V29*(IF(V$11="",INDEX($P$3:$Q$6,MATCH($B$12,$P$3:$P$6,0),2),V$11)))+(W29*(IF(W$11="",INDEX($P$3:$Q$6,MATCH($C$12,$P$3:$P$6,0),2),W$11)))+(X29*IF(X$11="",INDEX($P$3:$Q$6,MATCH($D$12,$P$3:$P$6,0),2),X$11))+(Y29*IF(Y$11="",INDEX($P$3:$Q$6,MATCH($E$12,$P$3:$P$6,0),2),Y$11)))/SUM(V29:Y29),"") | CI29: =IFERROR(((Z29*(IF(Z$11="",INDEX($P$3:$Q$6,MATCH($B$12,$P$3:$P$6,0),2),Z$11)))+(AA29*(IF(AA$11="",INDEX($P$3:$Q$6,MATCH($C$12,$P$3:$P$6,0),2),AA$11)))+(AB29*IF(AB$11="",INDEX($P$3:$Q$6,MATCH($D$12,$P$3:$P$6,0),2),AB$11))+(AC29*IF(AC$11="",INDEX($P$3:$Q$6,MATCH($E$12,$P$3:$P$6,0),2),AC$11)))/SUM(Z29:AC29),"") | CJ29: =IFERROR(((AD29*(IF(AD$11="",INDEX($P$3:$Q$6,MATCH($B$12,$P$3:$P$6,0),2),AD$11)))+(AE29*(IF(AE$11="",INDEX($P$3:$Q$6,MATCH($C$12,$P$3:$P$6,0),2),AE$11)))+(AF29*IF(AF$11="",INDEX($P$3:$Q$6,MATCH($D$12,$P$3:$P$6,0),2),AF$11))+(AG29*IF(AG$11="",INDEX($P$3:$Q$6,MATCH($E$12,$P$3:$P$6,0),2),L$11)))/SUM(AD29:AG29),"") | CK29: =IFERROR(((AH29*(IF(AH$11="",INDEX($P$3:$Q$6,MATCH($B$12,$P$3:$P$6,0),2),AH$11)))+(AI29*(IF(AI$11="",INDEX($P$3:$Q$6,MATCH($C$12,$P$3:$P$6,0),2),AI$11)))+(AJ29*IF(AJ$11="",INDEX($P$3:$Q$6,MATCH($D$12,$P$3:$P$6,0),2),AJ$11))+(AK29*IF(AK$11="",INDEX($P$3:$Q$6,MATCH($E$12,$P$3:$P$6,0),2),AK$11)))/SUM(AH29:AK29),"") | CL29: =IFERROR(((AL29*(IF(AL$11="",INDEX($P$3:$Q$6,MATCH($B$12,$P$3:$P$6,0),2),AL$11)))+(AM29*(IF(AM$11="",INDEX($P$3:$Q$6,MATCH($C$12,$P$3:$P$6,0),2),AM$11)))+(AN29*IF(AN$11="",INDEX($P$3:$Q$6,MATCH($D$12,$P$3:$P$6,0),2),AN$11))+(AO29*IF(AO$11="",INDEX($P$3:$Q$6,MATCH($E$12,$P$3:$P$6,0),2),AO$11)))/SUM(AL29:AO29),"") | CM29: =A29 | CN29: =IF(AND(SUM(INDIRECT("CC"&ROW(CC30) - $BI$4&":CC" & ROW(CC29)))=$BI$4,CM29<>""),"Sim","") | CO29: =IF(AND(SUM(INDIRECT("CD"&ROW(CD30) - $BI$4&":CD" & ROW(CD29)))=$BI$4,$CM29<>""),"Sim","") | CP29: =IF(AND(SUM(INDIRECT("CE"&ROW(CE30) - $BI$4&":CE" & ROW(CE29)))=$BI$4,$CM29<>""),"Sim","") | CQ29: =IF(AND(SUM(INDIRECT("CF"&ROW(CF30) - $BI$4&":CF" & ROW(CF29)))=$BI$4,$CM29<>""),"Sim","") | CR29: =IF(AND(SUM(INDIRECT("CG"&ROW(CG30) - $BI$4&":CG" & ROW(CG29)))=$BI$4,$CM29<>""),"Sim","") | CS29: =IF(AND(SUM(INDIRECT("CH"&ROW(CH30) - $BI$4&":CH" & ROW(CH29)))=$BI$4,$CM29<>""),"Sim","") | CT29: =IF(AND(SUM(INDIRECT("CI"&ROW(CI30) - $BI$4&":CI" & ROW(CI29)))=$BI$4,$CM29<>""),"Sim","") | CU29: =IF(AND(SUM(INDIRECT("CJ"&ROW(CJ30) - $BI$4&":CJ" & ROW(CJ29)))=$BI$4,$CM29<>""),"Sim","") | CV29: =IF(AND(SUM(INDIRECT("CK"&ROW(CK30) - $BI$4&":CK" & ROW(CK29)))=$BI$4,$CM29<>""),"Sim","") | CW29: =IF(AND(SUM(INDIRECT("CL"&ROW(CL30) - $BI$4&":CL" & ROW(CL29)))=$BI$4,$CM29<>""),"Sim","") | DB29: =IF(DD29<>"","Mar.","") -> Mar. | DC29: 3 | DD29: =IFERROR(__xludf.DUMMYFUNCTION("IFERROR(AVERAGE(FILTER($AP$13:$AP$500,$A$13:$A$500>=$DQ$25,$A$13:$A$500<=$DQ$26,$DW$13:$DW$500=DC29)),"""")"),0.725) -> 0.725 | DU29: =A29 | DV29: =ABA!$A29 | DW29: =IF(DV29<>"",MONTH(DV29),"")
AP30: =IFERROR(AVERAGE(CC30,CD30,CE30,CF30,CG30,CH30,CI30,CJ30,CK30,CL30),"") | CB30: =A30 | CC30: =IFERROR(((B30*(IF(B$11="",INDEX($P$3:$Q$6,MATCH($B$12,$P$3:$P$6,0),2),B$11)))+(C30*(IF(C$11="",INDEX($P$3:$Q$6,MATCH($C$12,$P$3:$P$6,0),2),C$11)))+(D30*IF(D$11="",INDEX($P$3:$Q$6,MATCH($D$12,$P$3:$P$6,0),2),D$11))+(E30*IF(E$11="",INDEX($P$3:$Q$6,MATCH($E$12,$P$3:$P$6,0),2),E$11)))/SUM(B30:E30),"") | CD30: =IFERROR(((F30*(IF(F$11="",INDEX($P$3:$Q$6,MATCH($B$12,$P$3:$P$6,0),2),F$11)))+(G30*(IF(G$11="",INDEX($P$3:$Q$6,MATCH($C$12,$P$3:$P$6,0),2),G$11)))+(H30*IF(H$11="",INDEX($P$3:$Q$6,MATCH($D$12,$P$3:$P$6,0),2),H$11))+(I30*IF(I$11="",INDEX($P$3:$Q$6,MATCH($E$12,$P$3:$P$6,0),2),I$11)))/SUM(F30:I30),"") | CE30: =IFERROR(((J30*(IF(J$11="",INDEX($P$3:$Q$6,MATCH($B$12,$P$3:$P$6,0),2),J$11)))+(K30*(IF(K$11="",INDEX($P$3:$Q$6,MATCH($C$12,$P$3:$P$6,0),2),K$11)))+(L30*IF(L$11="",INDEX($P$3:$Q$6,MATCH($D$12,$P$3:$P$6,0),2),L$11))+(M30*IF(M$11="",INDEX($P$3:$Q$6,MATCH($E$12,$P$3:$P$6,0),2),M$11)))/SUM(J30:M30),"") | CF30: =IFERROR(((N30*(IF(N$11="",INDEX($P$3:$Q$6,MATCH($B$12,$P$3:$P$6,0),2),N$11)))+(O30*(IF(O$11="",INDEX($P$3:$Q$6,MATCH($C$12,$P$3:$P$6,0),2),O$11)))+(P30*IF(P$11="",INDEX($P$3:$Q$6,MATCH($D$12,$P$3:$P$6,0),2),P$11))+(Q30*IF(Q$11="",INDEX($P$3:$Q$6,MATCH($E$12,$P$3:$P$6,0),2),Q$11)))/SUM(N30:Q30),"") | CG30: =IFERROR(((R30*(IF(R$11="",INDEX($P$3:$Q$6,MATCH($B$12,$P$3:$P$6,0),2),R$11)))+(S30*(IF(S$11="",INDEX($P$3:$Q$6,MATCH($C$12,$P$3:$P$6,0),2),S$11)))+(T30*IF(T$11="",INDEX($P$3:$Q$6,MATCH($D$12,$P$3:$P$6,0),2),T$11))+(U30*IF(U$11="",INDEX($P$3:$Q$6,MATCH($E$12,$P$3:$P$6,0),2),U$11)))/SUM(R30:U30),"") | CH30: =IFERROR(((V30*(IF(V$11="",INDEX($P$3:$Q$6,MATCH($B$12,$P$3:$P$6,0),2),V$11)))+(W30*(IF(W$11="",INDEX($P$3:$Q$6,MATCH($C$12,$P$3:$P$6,0),2),W$11)))+(X30*IF(X$11="",INDEX($P$3:$Q$6,MATCH($D$12,$P$3:$P$6,0),2),X$11))+(Y30*IF(Y$11="",INDEX($P$3:$Q$6,MATCH($E$12,$P$3:$P$6,0),2),Y$11)))/SUM(V30:Y30),"") | CI30: =IFERROR(((Z30*(IF(Z$11="",INDEX($P$3:$Q$6,MATCH($B$12,$P$3:$P$6,0),2),Z$11)))+(AA30*(IF(AA$11="",INDEX($P$3:$Q$6,MATCH($C$12,$P$3:$P$6,0),2),AA$11)))+(AB30*IF(AB$11="",INDEX($P$3:$Q$6,MATCH($D$12,$P$3:$P$6,0),2),AB$11))+(AC30*IF(AC$11="",INDEX($P$3:$Q$6,MATCH($E$12,$P$3:$P$6,0),2),AC$11)))/SUM(Z30:AC30),"") | CJ30: =IFERROR(((AD30*(IF(AD$11="",INDEX($P$3:$Q$6,MATCH($B$12,$P$3:$P$6,0),2),AD$11)))+(AE30*(IF(AE$11="",INDEX($P$3:$Q$6,MATCH($C$12,$P$3:$P$6,0),2),AE$11)))+(AF30*IF(AF$11="",INDEX($P$3:$Q$6,MATCH($D$12,$P$3:$P$6,0),2),AF$11))+(AG30*IF(AG$11="",INDEX($P$3:$Q$6,MATCH($E$12,$P$3:$P$6,0),2),L$11)))/SUM(AD30:AG30),"") | CK30: =IFERROR(((AH30*(IF(AH$11="",INDEX($P$3:$Q$6,MATCH($B$12,$P$3:$P$6,0),2),AH$11)))+(AI30*(IF(AI$11="",INDEX($P$3:$Q$6,MATCH($C$12,$P$3:$P$6,0),2),AI$11)))+(AJ30*IF(AJ$11="",INDEX($P$3:$Q$6,MATCH($D$12,$P$3:$P$6,0),2),AJ$11))+(AK30*IF(AK$11="",INDEX($P$3:$Q$6,MATCH($E$12,$P$3:$P$6,0),2),AK$11)))/SUM(AH30:AK30),"") | CL30: =IFERROR(((AL30*(IF(AL$11="",INDEX($P$3:$Q$6,MATCH($B$12,$P$3:$P$6,0),2),AL$11)))+(AM30*(IF(AM$11="",INDEX($P$3:$Q$6,MATCH($C$12,$P$3:$P$6,0),2),AM$11)))+(AN30*IF(AN$11="",INDEX($P$3:$Q$6,MATCH($D$12,$P$3:$P$6,0),2),AN$11))+(AO30*IF(AO$11="",INDEX($P$3:$Q$6,MATCH($E$12,$P$3:$P$6,0),2),AO$11)))/SUM(AL30:AO30),"") | CM30: =A30 | CN30: =IF(AND(SUM(INDIRECT("CC"&ROW(CC31) - $BI$4&":CC" & ROW(CC30)))=$BI$4,CM30<>""),"Sim","") | CO30: =IF(AND(SUM(INDIRECT("CD"&ROW(CD31) - $BI$4&":CD" & ROW(CD30)))=$BI$4,$CM30<>""),"Sim","") | CP30: =IF(AND(SUM(INDIRECT("CE"&ROW(CE31) - $BI$4&":CE" & ROW(CE30)))=$BI$4,$CM30<>""),"Sim","") | CQ30: =IF(AND(SUM(INDIRECT("CF"&ROW(CF31) - $BI$4&":CF" & ROW(CF30)))=$BI$4,$CM30<>""),"Sim","") | CR30: =IF(AND(SUM(INDIRECT("CG"&ROW(CG31) - $BI$4&":CG" & ROW(CG30)))=$BI$4,$CM30<>""),"Sim","") | CS30: =IF(AND(SUM(INDIRECT("CH"&ROW(CH31) - $BI$4&":CH" & ROW(CH30)))=$BI$4,$CM30<>""),"Sim","") | CT30: =IF(AND(SUM(INDIRECT("CI"&ROW(CI31) - $BI$4&":CI" & ROW(CI30)))=$BI$4,$CM30<>""),"Sim","") | CU30: =IF(AND(SUM(INDIRECT("CJ"&ROW(CJ31) - $BI$4&":CJ" & ROW(CJ30)))=$BI$4,$CM30<>""),"Sim","") | CV30: =IF(AND(SUM(INDIRECT("CK"&ROW(CK31) - $BI$4&":CK" & ROW(CK30)))=$BI$4,$CM30<>""),"Sim","") | CW30: =IF(AND(SUM(INDIRECT("CL"&ROW(CL31) - $BI$4&":CL" & ROW(CL30)))=$BI$4,$CM30<>""),"Sim","") | DB30: =IF(DD30<>"","Abr.","") -> Abr. | DC30: 4 | DD30: =IFERROR(__xludf.DUMMYFUNCTION("IFERROR(AVERAGE(FILTER($AP$13:$AP$500,$A$13:$A$500>=$DQ$25,$A$13:$A$500<=$DQ$26,$DW$13:$DW$500=DC30)),"""")"),0.7891666666666667) -> 0.78916667 | DU30: =A30 | DV30: =ABA!$A30 | DW30: =IF(DV30<>"",MONTH(DV30),"")
AP31: =IFERROR(AVERAGE(CC31,CD31,CE31,CF31,CG31,CH31,CI31,CJ31,CK31,CL31),"") | CB31: =A31 | CC31: =IFERROR(((B31*(IF(B$11="",INDEX($P$3:$Q$6,MATCH($B$12,$P$3:$P$6,0),2),B$11)))+(C31*(IF(C$11="",INDEX($P$3:$Q$6,MATCH($C$12,$P$3:$P$6,0),2),C$11)))+(D31*IF(D$11="",INDEX($P$3:$Q$6,MATCH($D$12,$P$3:$P$6,0),2),D$11))+(E31*IF(E$11="",INDEX($P$3:$Q$6,MATCH($E$12,$P$3:$P$6,0),2),E$11)))/SUM(B31:E31),"") | CD31: =IFERROR(((F31*(IF(F$11="",INDEX($P$3:$Q$6,MATCH($B$12,$P$3:$P$6,0),2),F$11)))+(G31*(IF(G$11="",INDEX($P$3:$Q$6,MATCH($C$12,$P$3:$P$6,0),2),G$11)))+(H31*IF(H$11="",INDEX($P$3:$Q$6,MATCH($D$12,$P$3:$P$6,0),2),H$11))+(I31*IF(I$11="",INDEX($P$3:$Q$6,MATCH($E$12,$P$3:$P$6,0),2),I$11)))/SUM(F31:I31),"") | CE31: =IFERROR(((J31*(IF(J$11="",INDEX($P$3:$Q$6,MATCH($B$12,$P$3:$P$6,0),2),J$11)))+(K31*(IF(K$11="",INDEX($P$3:$Q$6,MATCH($C$12,$P$3:$P$6,0),2),K$11)))+(L31*IF(L$11="",INDEX($P$3:$Q$6,MATCH($D$12,$P$3:$P$6,0),2),L$11))+(M31*IF(M$11="",INDEX($P$3:$Q$6,MATCH($E$12,$P$3:$P$6,0),2),M$11)))/SUM(J31:M31),"") | CF31: =IFERROR(((N31*(IF(N$11="",INDEX($P$3:$Q$6,MATCH($B$12,$P$3:$P$6,0),2),N$11)))+(O31*(IF(O$11="",INDEX($P$3:$Q$6,MATCH($C$12,$P$3:$P$6,0),2),O$11)))+(P31*IF(P$11="",INDEX($P$3:$Q$6,MATCH($D$12,$P$3:$P$6,0),2),P$11))+(Q31*IF(Q$11="",INDEX($P$3:$Q$6,MATCH($E$12,$P$3:$P$6,0),2),Q$11)))/SUM(N31:Q31),"") | CG31: =IFERROR(((R31*(IF(R$11="",INDEX($P$3:$Q$6,MATCH($B$12,$P$3:$P$6,0),2),R$11)))+(S31*(IF(S$11="",INDEX($P$3:$Q$6,MATCH($C$12,$P$3:$P$6,0),2),S$11)))+(T31*IF(T$11="",INDEX($P$3:$Q$6,MATCH($D$12,$P$3:$P$6,0),2),T$11))+(U31*IF(U$11="",INDEX($P$3:$Q$6,MATCH($E$12,$P$3:$P$6,0),2),U$11)))/SUM(R31:U31),"") | CH31: =IFERROR(((V31*(IF(V$11="",INDEX($P$3:$Q$6,MATCH($B$12,$P$3:$P$6,0),2),V$11)))+(W31*(IF(W$11="",INDEX($P$3:$Q$6,MATCH($C$12,$P$3:$P$6,0),2),W$11)))+(X31*IF(X$11="",INDEX($P$3:$Q$6,MATCH($D$12,$P$3:$P$6,0),2),X$11))+(Y31*IF(Y$11="",INDEX($P$3:$Q$6,MATCH($E$12,$P$3:$P$6,0),2),Y$11)))/SUM(V31:Y31),"") | CI31: =IFERROR(((Z31*(IF(Z$11="",INDEX($P$3:$Q$6,MATCH($B$12,$P$3:$P$6,0),2),Z$11)))+(AA31*(IF(AA$11="",INDEX($P$3:$Q$6,MATCH($C$12,$P$3:$P$6,0),2),AA$11)))+(AB31*IF(AB$11="",INDEX($P$3:$Q$6,MATCH($D$12,$P$3:$P$6,0),2),AB$11))+(AC31*IF(AC$11="",INDEX($P$3:$Q$6,MATCH($E$12,$P$3:$P$6,0),2),AC$11)))/SUM(Z31:AC31),"") | CJ31: =IFERROR(((AD31*(IF(AD$11="",INDEX($P$3:$Q$6,MATCH($B$12,$P$3:$P$6,0),2),AD$11)))+(AE31*(IF(AE$11="",INDEX($P$3:$Q$6,MATCH($C$12,$P$3:$P$6,0),2),AE$11)))+(AF31*IF(AF$11="",INDEX($P$3:$Q$6,MATCH($D$12,$P$3:$P$6,0),2),AF$11))+(AG31*IF(AG$11="",INDEX($P$3:$Q$6,MATCH($E$12,$P$3:$P$6,0),2),L$11)))/SUM(AD31:AG31),"") | CK31: =IFERROR(((AH31*(IF(AH$11="",INDEX($P$3:$Q$6,MATCH($B$12,$P$3:$P$6,0),2),AH$11)))+(AI31*(IF(AI$11="",INDEX($P$3:$Q$6,MATCH($C$12,$P$3:$P$6,0),2),AI$11)))+(AJ31*IF(AJ$11="",INDEX($P$3:$Q$6,MATCH($D$12,$P$3:$P$6,0),2),AJ$11))+(AK31*IF(AK$11="",INDEX($P$3:$Q$6,MATCH($E$12,$P$3:$P$6,0),2),AK$11)))/SUM(AH31:AK31),"") | CL31: =IFERROR(((AL31*(IF(AL$11="",INDEX($P$3:$Q$6,MATCH($B$12,$P$3:$P$6,0),2),AL$11)))+(AM31*(IF(AM$11="",INDEX($P$3:$Q$6,MATCH($C$12,$P$3:$P$6,0),2),AM$11)))+(AN31*IF(AN$11="",INDEX($P$3:$Q$6,MATCH($D$12,$P$3:$P$6,0),2),AN$11))+(AO31*IF(AO$11="",INDEX($P$3:$Q$6,MATCH($E$12,$P$3:$P$6,0),2),AO$11)))/SUM(AL31:AO31),"") | CM31: =A31 | CN31: =IF(AND(SUM(INDIRECT("CC"&ROW(CC32) - $BI$4&":CC" & ROW(CC31)))=$BI$4,CM31<>""),"Sim","") | CO31: =IF(AND(SUM(INDIRECT("CD"&ROW(CD32) - $BI$4&":CD" & ROW(CD31)))=$BI$4,$CM31<>""),"Sim","") | CP31: =IF(AND(SUM(INDIRECT("CE"&ROW(CE32) - $BI$4&":CE" & ROW(CE31)))=$BI$4,$CM31<>""),"Sim","") | CQ31: =IF(AND(SUM(INDIRECT("CF"&ROW(CF32) - $BI$4&":CF" & ROW(CF31)))=$BI$4,$CM31<>""),"Sim","") | CR31: =IF(AND(SUM(INDIRECT("CG"&ROW(CG32) - $BI$4&":CG" & ROW(CG31)))=$BI$4,$CM31<>""),"Sim","") | CS31: =IF(AND(SUM(INDIRECT("CH"&ROW(CH32) - $BI$4&":CH" & ROW(CH31)))=$BI$4,$CM31<>""),"Sim","") | CT31: =IF(AND(SUM(INDIRECT("CI"&ROW(CI32) - $BI$4&":CI" & ROW(CI31)))=$BI$4,$CM31<>""),"Sim","") | CU31: =IF(AND(SUM(INDIRECT("CJ"&ROW(CJ32) - $BI$4&":CJ" & ROW(CJ31)))=$BI$4,$CM31<>""),"Sim","") | CV31: =IF(AND(SUM(INDIRECT("CK"&ROW(CK32) - $BI$4&":CK" & ROW(CK31)))=$BI$4,$CM31<>""),"Sim","") | CW31: =IF(AND(SUM(INDIRECT("CL"&ROW(CL32) - $BI$4&":CL" & ROW(CL31)))=$BI$4,$CM31<>""),"Sim","") | DB31: =IF(DD31<>"","Mai.","") | DC31: 5 | DD31: =IFERROR(__xludf.DUMMYFUNCTION("IFERROR(AVERAGE(FILTER($AP$13:$AP$500,$A$13:$A$500>=$DQ$25,$A$13:$A$500<=$DQ$26,$DW$13:$DW$500=DC31)),"""")"),"") | DU31: =A31 | DV31: =ABA!$A31 | DW31: =IF(DV31<>"",MONTH(DV31),"")
AP32: =IFERROR(AVERAGE(CC32,CD32,CE32,CF32,CG32,CH32,CI32,CJ32,CK32,CL32),"") | CB32: =A32 | CC32: =IFERROR(((B32*(IF(B$11="",INDEX($P$3:$Q$6,MATCH($B$12,$P$3:$P$6,0),2),B$11)))+(C32*(IF(C$11="",INDEX($P$3:$Q$6,MATCH($C$12,$P$3:$P$6,0),2),C$11)))+(D32*IF(D$11="",INDEX($P$3:$Q$6,MATCH($D$12,$P$3:$P$6,0),2),D$11))+(E32*IF(E$11="",INDEX($P$3:$Q$6,MATCH($E$12,$P$3:$P$6,0),2),E$11)))/SUM(B32:E32),"") | CD32: =IFERROR(((F32*(IF(F$11="",INDEX($P$3:$Q$6,MATCH($B$12,$P$3:$P$6,0),2),F$11)))+(G32*(IF(G$11="",INDEX($P$3:$Q$6,MATCH($C$12,$P$3:$P$6,0),2),G$11)))+(H32*IF(H$11="",INDEX($P$3:$Q$6,MATCH($D$12,$P$3:$P$6,0),2),H$11))+(I32*IF(I$11="",INDEX($P$3:$Q$6,MATCH($E$12,$P$3:$P$6,0),2),I$11)))/SUM(F32:I32),"") | CE32: =IFERROR(((J32*(IF(J$11="",INDEX($P$3:$Q$6,MATCH($B$12,$P$3:$P$6,0),2),J$11)))+(K32*(IF(K$11="",INDEX($P$3:$Q$6,MATCH($C$12,$P$3:$P$6,0),2),K$11)))+(L32*IF(L$11="",INDEX($P$3:$Q$6,MATCH($D$12,$P$3:$P$6,0),2),L$11))+(M32*IF(M$11="",INDEX($P$3:$Q$6,MATCH($E$12,$P$3:$P$6,0),2),M$11)))/SUM(J32:M32),"") | CF32: =IFERROR(((N32*(IF(N$11="",INDEX($P$3:$Q$6,MATCH($B$12,$P$3:$P$6,0),2),N$11)))+(O32*(IF(O$11="",INDEX($P$3:$Q$6,MATCH($C$12,$P$3:$P$6,0),2),O$11)))+(P32*IF(P$11="",INDEX($P$3:$Q$6,MATCH($D$12,$P$3:$P$6,0),2),P$11))+(Q32*IF(Q$11="",INDEX($P$3:$Q$6,MATCH($E$12,$P$3:$P$6,0),2),Q$11)))/SUM(N32:Q32),"") | CG32: =IFERROR(((R32*(IF(R$11="",INDEX($P$3:$Q$6,MATCH($B$12,$P$3:$P$6,0),2),R$11)))+(S32*(IF(S$11="",INDEX($P$3:$Q$6,MATCH($C$12,$P$3:$P$6,0),2),S$11)))+(T32*IF(T$11="",INDEX($P$3:$Q$6,MATCH($D$12,$P$3:$P$6,0),2),T$11))+(U32*IF(U$11="",INDEX($P$3:$Q$6,MATCH($E$12,$P$3:$P$6,0),2),U$11)))/SUM(R32:U32),"") | CH32: =IFERROR(((V32*(IF(V$11="",INDEX($P$3:$Q$6,MATCH($B$12,$P$3:$P$6,0),2),V$11)))+(W32*(IF(W$11="",INDEX($P$3:$Q$6,MATCH($C$12,$P$3:$P$6,0),2),W$11)))+(X32*IF(X$11="",INDEX($P$3:$Q$6,MATCH($D$12,$P$3:$P$6,0),2),X$11))+(Y32*IF(Y$11="",INDEX($P$3:$Q$6,MATCH($E$12,$P$3:$P$6,0),2),Y$11)))/SUM(V32:Y32),"") | CI32: =IFERROR(((Z32*(IF(Z$11="",INDEX($P$3:$Q$6,MATCH($B$12,$P$3:$P$6,0),2),Z$11)))+(AA32*(IF(AA$11="",INDEX($P$3:$Q$6,MATCH($C$12,$P$3:$P$6,0),2),AA$11)))+(AB32*IF(AB$11="",INDEX($P$3:$Q$6,MATCH($D$12,$P$3:$P$6,0),2),AB$11))+(AC32*IF(AC$11="",INDEX($P$3:$Q$6,MATCH($E$12,$P$3:$P$6,0),2),AC$11)))/SUM(Z32:AC32),"") | CJ32: =IFERROR(((AD32*(IF(AD$11="",INDEX($P$3:$Q$6,MATCH($B$12,$P$3:$P$6,0),2),AD$11)))+(AE32*(IF(AE$11="",INDEX($P$3:$Q$6,MATCH($C$12,$P$3:$P$6,0),2),AE$11)))+(AF32*IF(AF$11="",INDEX($P$3:$Q$6,MATCH($D$12,$P$3:$P$6,0),2),AF$11))+(AG32*IF(AG$11="",INDEX($P$3:$Q$6,MATCH($E$12,$P$3:$P$6,0),2),L$11)))/SUM(AD32:AG32),"") | CK32: =IFERROR(((AH32*(IF(AH$11="",INDEX($P$3:$Q$6,MATCH($B$12,$P$3:$P$6,0),2),AH$11)))+(AI32*(IF(AI$11="",INDEX($P$3:$Q$6,MATCH($C$12,$P$3:$P$6,0),2),AI$11)))+(AJ32*IF(AJ$11="",INDEX($P$3:$Q$6,MATCH($D$12,$P$3:$P$6,0),2),AJ$11))+(AK32*IF(AK$11="",INDEX($P$3:$Q$6,MATCH($E$12,$P$3:$P$6,0),2),AK$11)))/SUM(AH32:AK32),"") | CL32: =IFERROR(((AL32*(IF(AL$11="",INDEX($P$3:$Q$6,MATCH($B$12,$P$3:$P$6,0),2),AL$11)))+(AM32*(IF(AM$11="",INDEX($P$3:$Q$6,MATCH($C$12,$P$3:$P$6,0),2),AM$11)))+(AN32*IF(AN$11="",INDEX($P$3:$Q$6,MATCH($D$12,$P$3:$P$6,0),2),AN$11))+(AO32*IF(AO$11="",INDEX($P$3:$Q$6,MATCH($E$12,$P$3:$P$6,0),2),AO$11)))/SUM(AL32:AO32),"") | CM32: =A32 | CN32: =IF(AND(SUM(INDIRECT("CC"&ROW(CC33) - $BI$4&":CC" & ROW(CC32)))=$BI$4,CM32<>""),"Sim","") | CO32: =IF(AND(SUM(INDIRECT("CD"&ROW(CD33) - $BI$4&":CD" & ROW(CD32)))=$BI$4,$CM32<>""),"Sim","") | CP32: =IF(AND(SUM(INDIRECT("CE"&ROW(CE33) - $BI$4&":CE" & ROW(CE32)))=$BI$4,$CM32<>""),"Sim","") | CQ32: =IF(AND(SUM(INDIRECT("CF"&ROW(CF33) - $BI$4&":CF" & ROW(CF32)))=$BI$4,$CM32<>""),"Sim","") | CR32: =IF(AND(SUM(INDIRECT("CG"&ROW(CG33) - $BI$4&":CG" & ROW(CG32)))=$BI$4,$CM32<>""),"Sim","") | CS32: =IF(AND(SUM(INDIRECT("CH"&ROW(CH33) - $BI$4&":CH" & ROW(CH32)))=$BI$4,$CM32<>""),"Sim","") | CT32: =IF(AND(SUM(INDIRECT("CI"&ROW(CI33) - $BI$4&":CI" & ROW(CI32)))=$BI$4,$CM32<>""),"Sim","") | CU32: =IF(AND(SUM(INDIRECT("CJ"&ROW(CJ33) - $BI$4&":CJ" & ROW(CJ32)))=$BI$4,$CM32<>""),"Sim","") | CV32: =IF(AND(SUM(INDIRECT("CK"&ROW(CK33) - $BI$4&":CK" & ROW(CK32)))=$BI$4,$CM32<>""),"Sim","") | CW32: =IF(AND(SUM(INDIRECT("CL"&ROW(CL33) - $BI$4&":CL" & ROW(CL32)))=$BI$4,$CM32<>""),"Sim","") | DB32: =IF(DD32<>"","Jun.","") | DC32: 6 | DD32: =IFERROR(__xludf.DUMMYFUNCTION("IFERROR(AVERAGE(FILTER($AP$13:$AP$500,$A$13:$A$500>=$DQ$25,$A$13:$A$500<=$DQ$26,$DW$13:$DW$500=DC32)),"""")"),"") | DU32: =A32 | DV32: =ABA!$A32 | DW32: =IF(DV32<>"",MONTH(DV32),"")
AP33: =IFERROR(AVERAGE(CC33,CD33,CE33,CF33,CG33,CH33,CI33,CJ33,CK33,CL33),"") | CB33: =A33 | CC33: =IFERROR(((B33*(IF(B$11="",INDEX($P$3:$Q$6,MATCH($B$12,$P$3:$P$6,0),2),B$11)))+(C33*(IF(C$11="",INDEX($P$3:$Q$6,MATCH($C$12,$P$3:$P$6,0),2),C$11)))+(D33*IF(D$11="",INDEX($P$3:$Q$6,MATCH($D$12,$P$3:$P$6,0),2),D$11))+(E33*IF(E$11="",INDEX($P$3:$Q$6,MATCH($E$12,$P$3:$P$6,0),2),E$11)))/SUM(B33:E33),"") | CD33: =IFERROR(((F33*(IF(F$11="",INDEX($P$3:$Q$6,MATCH($B$12,$P$3:$P$6,0),2),F$11)))+(G33*(IF(G$11="",INDEX($P$3:$Q$6,MATCH($C$12,$P$3:$P$6,0),2),G$11)))+(H33*IF(H$11="",INDEX($P$3:$Q$6,MATCH($D$12,$P$3:$P$6,0),2),H$11))+(I33*IF(I$11="",INDEX($P$3:$Q$6,MATCH($E$12,$P$3:$P$6,0),2),I$11)))/SUM(F33:I33),"") | CE33: =IFERROR(((J33*(IF(J$11="",INDEX($P$3:$Q$6,MATCH($B$12,$P$3:$P$6,0),2),J$11)))+(K33*(IF(K$11="",INDEX($P$3:$Q$6,MATCH($C$12,$P$3:$P$6,0),2),K$11)))+(L33*IF(L$11="",INDEX($P$3:$Q$6,MATCH($D$12,$P$3:$P$6,0),2),L$11))+(M33*IF(M$11="",INDEX($P$3:$Q$6,MATCH($E$12,$P$3:$P$6,0),2),M$11)))/SUM(J33:M33),"") | CF33: =IFERROR(((N33*(IF(N$11="",INDEX($P$3:$Q$6,MATCH($B$12,$P$3:$P$6,0),2),N$11)))+(O33*(IF(O$11="",INDEX($P$3:$Q$6,MATCH($C$12,$P$3:$P$6,0),2),O$11)))+(P33*IF(P$11="",INDEX($P$3:$Q$6,MATCH($D$12,$P$3:$P$6,0),2),P$11))+(Q33*IF(Q$11="",INDEX($P$3:$Q$6,MATCH($E$12,$P$3:$P$6,0),2),Q$11)))/SUM(N33:Q33),"") | CG33: =IFERROR(((R33*(IF(R$11="",INDEX($P$3:$Q$6,MATCH($B$12,$P$3:$P$6,0),2),R$11)))+(S33*(IF(S$11="",INDEX($P$3:$Q$6,MATCH($C$12,$P$3:$P$6,0),2),S$11)))+(T33*IF(T$11="",INDEX($P$3:$Q$6,MATCH($D$12,$P$3:$P$6,0),2),T$11))+(U33*IF(U$11="",INDEX($P$3:$Q$6,MATCH($E$12,$P$3:$P$6,0),2),U$11)))/SUM(R33:U33),"") | CH33: =IFERROR(((V33*(IF(V$11="",INDEX($P$3:$Q$6,MATCH($B$12,$P$3:$P$6,0),2),V$11)))+(W33*(IF(W$11="",INDEX($P$3:$Q$6,MATCH($C$12,$P$3:$P$6,0),2),W$11)))+(X33*IF(X$11="",INDEX($P$3:$Q$6,MATCH($D$12,$P$3:$P$6,0),2),X$11))+(Y33*IF(Y$11="",INDEX($P$3:$Q$6,MATCH($E$12,$P$3:$P$6,0),2),Y$11)))/SUM(V33:Y33),"") | CI33: =IFERROR(((Z33*(IF(Z$11="",INDEX($P$3:$Q$6,MATCH($B$12,$P$3:$P$6,0),2),Z$11)))+(AA33*(IF(AA$11="",INDEX($P$3:$Q$6,MATCH($C$12,$P$3:$P$6,0),2),AA$11)))+(AB33*IF(AB$11="",INDEX($P$3:$Q$6,MATCH($D$12,$P$3:$P$6,0),2),AB$11))+(AC33*IF(AC$11="",INDEX($P$3:$Q$6,MATCH($E$12,$P$3:$P$6,0),2),AC$11)))/SUM(Z33:AC33),"") | CJ33: =IFERROR(((AD33*(IF(AD$11="",INDEX($P$3:$Q$6,MATCH($B$12,$P$3:$P$6,0),2),AD$11)))+(AE33*(IF(AE$11="",INDEX($P$3:$Q$6,MATCH($C$12,$P$3:$P$6,0),2),AE$11)))+(AF33*IF(AF$11="",INDEX($P$3:$Q$6,MATCH($D$12,$P$3:$P$6,0),2),AF$11))+(AG33*IF(AG$11="",INDEX($P$3:$Q$6,MATCH($E$12,$P$3:$P$6,0),2),L$11)))/SUM(AD33:AG33),"") | CK33: =IFERROR(((AH33*(IF(AH$11="",INDEX($P$3:$Q$6,MATCH($B$12,$P$3:$P$6,0),2),AH$11)))+(AI33*(IF(AI$11="",INDEX($P$3:$Q$6,MATCH($C$12,$P$3:$P$6,0),2),AI$11)))+(AJ33*IF(AJ$11="",INDEX($P$3:$Q$6,MATCH($D$12,$P$3:$P$6,0),2),AJ$11))+(AK33*IF(AK$11="",INDEX($P$3:$Q$6,MATCH($E$12,$P$3:$P$6,0),2),AK$11)))/SUM(AH33:AK33),"") | CL33: =IFERROR(((AL33*(IF(AL$11="",INDEX($P$3:$Q$6,MATCH($B$12,$P$3:$P$6,0),2),AL$11)))+(AM33*(IF(AM$11="",INDEX($P$3:$Q$6,MATCH($C$12,$P$3:$P$6,0),2),AM$11)))+(AN33*IF(AN$11="",INDEX($P$3:$Q$6,MATCH($D$12,$P$3:$P$6,0),2),AN$11))+(AO33*IF(AO$11="",INDEX($P$3:$Q$6,MATCH($E$12,$P$3:$P$6,0),2),AO$11)))/SUM(AL33:AO33),"") | CM33: =A33 | CN33: =IF(AND(SUM(INDIRECT("CC"&ROW(CC34) - $BI$4&":CC" & ROW(CC33)))=$BI$4,CM33<>""),"Sim","") | CO33: =IF(AND(SUM(INDIRECT("CD"&ROW(CD34) - $BI$4&":CD" & ROW(CD33)))=$BI$4,$CM33<>""),"Sim","") | CP33: =IF(AND(SUM(INDIRECT("CE"&ROW(CE34) - $BI$4&":CE" & ROW(CE33)))=$BI$4,$CM33<>""),"Sim","") | CQ33: =IF(AND(SUM(INDIRECT("CF"&ROW(CF34) - $BI$4&":CF" & ROW(CF33)))=$BI$4,$CM33<>""),"Sim","") | CR33: =IF(AND(SUM(INDIRECT("CG"&ROW(CG34) - $BI$4&":CG" & ROW(CG33)))=$BI$4,$CM33<>""),"Sim","") | CS33: =IF(AND(SUM(INDIRECT("CH"&ROW(CH34) - $BI$4&":CH" & ROW(CH33)))=$BI$4,$CM33<>""),"Sim","") | CT33: =IF(AND(SUM(INDIRECT("CI"&ROW(CI34) - $BI$4&":CI" & ROW(CI33)))=$BI$4,$CM33<>""),"Sim","") | CU33: =IF(AND(SUM(INDIRECT("CJ"&ROW(CJ34) - $BI$4&":CJ" & ROW(CJ33)))=$BI$4,$CM33<>""),"Sim","") | CV33: =IF(AND(SUM(INDIRECT("CK"&ROW(CK34) - $BI$4&":CK" & ROW(CK33)))=$BI$4,$CM33<>""),"Sim","") | CW33: =IF(AND(SUM(INDIRECT("CL"&ROW(CL34) - $BI$4&":CL" & ROW(CL33)))=$BI$4,$CM33<>""),"Sim","") | DB33: =IF(DD33<>"","Jul.","") | DC33: 7 | DD33: =IFERROR(__xludf.DUMMYFUNCTION("IFERROR(AVERAGE(FILTER($AP$13:$AP$500,$A$13:$A$500>=$DQ$25,$A$13:$A$500<=$DQ$26,$DW$13:$DW$500=DC33)),"""")"),"") | DU33: =A33 | DV33: =ABA!$A33 | DW33: =IF(DV33<>"",MONTH(DV33),"")
AP34: =IFERROR(AVERAGE(CC34,CD34,CE34,CF34,CG34,CH34,CI34,CJ34,CK34,CL34),"") | CB34: =A34 | CC34: =IFERROR(((B34*(IF(B$11="",INDEX($P$3:$Q$6,MATCH($B$12,$P$3:$P$6,0),2),B$11)))+(C34*(IF(C$11="",INDEX($P$3:$Q$6,MATCH($C$12,$P$3:$P$6,0),2),C$11)))+(D34*IF(D$11="",INDEX($P$3:$Q$6,MATCH($D$12,$P$3:$P$6,0),2),D$11))+(E34*IF(E$11="",INDEX($P$3:$Q$6,MATCH($E$12,$P$3:$P$6,0),2),E$11)))/SUM(B34:E34),"") | CD34: =IFERROR(((F34*(IF(F$11="",INDEX($P$3:$Q$6,MATCH($B$12,$P$3:$P$6,0),2),F$11)))+(G34*(IF(G$11="",INDEX($P$3:$Q$6,MATCH($C$12,$P$3:$P$6,0),2),G$11)))+(H34*IF(H$11="",INDEX($P$3:$Q$6,MATCH($D$12,$P$3:$P$6,0),2),H$11))+(I34*IF(I$11="",INDEX($P$3:$Q$6,MATCH($E$12,$P$3:$P$6,0),2),I$11)))/SUM(F34:I34),"") | CE34: =IFERROR(((J34*(IF(J$11="",INDEX($P$3:$Q$6,MATCH($B$12,$P$3:$P$6,0),2),J$11)))+(K34*(IF(K$11="",INDEX($P$3:$Q$6,MATCH($C$12,$P$3:$P$6,0),2),K$11)))+(L34*IF(L$11="",INDEX($P$3:$Q$6,MATCH($D$12,$P$3:$P$6,0),2),L$11))+(M34*IF(M$11="",INDEX($P$3:$Q$6,MATCH($E$12,$P$3:$P$6,0),2),M$11)))/SUM(J34:M34),"") | CF34: =IFERROR(((N34*(IF(N$11="",INDEX($P$3:$Q$6,MATCH($B$12,$P$3:$P$6,0),2),N$11)))+(O34*(IF(O$11="",INDEX($P$3:$Q$6,MATCH($C$12,$P$3:$P$6,0),2),O$11)))+(P34*IF(P$11="",INDEX($P$3:$Q$6,MATCH($D$12,$P$3:$P$6,0),2),P$11))+(Q34*IF(Q$11="",INDEX($P$3:$Q$6,MATCH($E$12,$P$3:$P$6,0),2),Q$11)))/SUM(N34:Q34),"") | CG34: =IFERROR(((R34*(IF(R$11="",INDEX($P$3:$Q$6,MATCH($B$12,$P$3:$P$6,0),2),R$11)))+(S34*(IF(S$11="",INDEX($P$3:$Q$6,MATCH($C$12,$P$3:$P$6,0),2),S$11)))+(T34*IF(T$11="",INDEX($P$3:$Q$6,MATCH($D$12,$P$3:$P$6,0),2),T$11))+(U34*IF(U$11="",INDEX($P$3:$Q$6,MATCH($E$12,$P$3:$P$6,0),2),U$11)))/SUM(R34:U34),"") | CH34: =IFERROR(((V34*(IF(V$11="",INDEX($P$3:$Q$6,MATCH($B$12,$P$3:$P$6,0),2),V$11)))+(W34*(IF(W$11="",INDEX($P$3:$Q$6,MATCH($C$12,$P$3:$P$6,0),2),W$11)))+(X34*IF(X$11="",INDEX($P$3:$Q$6,MATCH($D$12,$P$3:$P$6,0),2),X$11))+(Y34*IF(Y$11="",INDEX($P$3:$Q$6,MATCH($E$12,$P$3:$P$6,0),2),Y$11)))/SUM(V34:Y34),"") | CI34: =IFERROR(((Z34*(IF(Z$11="",INDEX($P$3:$Q$6,MATCH($B$12,$P$3:$P$6,0),2),Z$11)))+(AA34*(IF(AA$11="",INDEX($P$3:$Q$6,MATCH($C$12,$P$3:$P$6,0),2),AA$11)))+(AB34*IF(AB$11="",INDEX($P$3:$Q$6,MATCH($D$12,$P$3:$P$6,0),2),AB$11))+(AC34*IF(AC$11="",INDEX($P$3:$Q$6,MATCH($E$12,$P$3:$P$6,0),2),AC$11)))/SUM(Z34:AC34),"") | CJ34: =IFERROR(((AD34*(IF(AD$11="",INDEX($P$3:$Q$6,MATCH($B$12,$P$3:$P$6,0),2),AD$11)))+(AE34*(IF(AE$11="",INDEX($P$3:$Q$6,MATCH($C$12,$P$3:$P$6,0),2),AE$11)))+(AF34*IF(AF$11="",INDEX($P$3:$Q$6,MATCH($D$12,$P$3:$P$6,0),2),AF$11))+(AG34*IF(AG$11="",INDEX($P$3:$Q$6,MATCH($E$12,$P$3:$P$6,0),2),L$11)))/SUM(AD34:AG34),"") | CK34: =IFERROR(((AH34*(IF(AH$11="",INDEX($P$3:$Q$6,MATCH($B$12,$P$3:$P$6,0),2),AH$11)))+(AI34*(IF(AI$11="",INDEX($P$3:$Q$6,MATCH($C$12,$P$3:$P$6,0),2),AI$11)))+(AJ34*IF(AJ$11="",INDEX($P$3:$Q$6,MATCH($D$12,$P$3:$P$6,0),2),AJ$11))+(AK34*IF(AK$11="",INDEX($P$3:$Q$6,MATCH($E$12,$P$3:$P$6,0),2),AK$11)))/SUM(AH34:AK34),"") | CL34: =IFERROR(((AL34*(IF(AL$11="",INDEX($P$3:$Q$6,MATCH($B$12,$P$3:$P$6,0),2),AL$11)))+(AM34*(IF(AM$11="",INDEX($P$3:$Q$6,MATCH($C$12,$P$3:$P$6,0),2),AM$11)))+(AN34*IF(AN$11="",INDEX($P$3:$Q$6,MATCH($D$12,$P$3:$P$6,0),2),AN$11))+(AO34*IF(AO$11="",INDEX($P$3:$Q$6,MATCH($E$12,$P$3:$P$6,0),2),AO$11)))/SUM(AL34:AO34),"") | CM34: =A34 | CN34: =IF(AND(SUM(INDIRECT("CC"&ROW(CC35) - $BI$4&":CC" & ROW(CC34)))=$BI$4,CM34<>""),"Sim","") | CO34: =IF(AND(SUM(INDIRECT("CD"&ROW(CD35) - $BI$4&":CD" & ROW(CD34)))=$BI$4,$CM34<>""),"Sim","") | CP34: =IF(AND(SUM(INDIRECT("CE"&ROW(CE35) - $BI$4&":CE" & ROW(CE34)))=$BI$4,$CM34<>""),"Sim","") | CQ34: =IF(AND(SUM(INDIRECT("CF"&ROW(CF35) - $BI$4&":CF" & ROW(CF34)))=$BI$4,$CM34<>""),"Sim","") | CR34: =IF(AND(SUM(INDIRECT("CG"&ROW(CG35) - $BI$4&":CG" & ROW(CG34)))=$BI$4,$CM34<>""),"Sim","") | CS34: =IF(AND(SUM(INDIRECT("CH"&ROW(CH35) - $BI$4&":CH" & ROW(CH34)))=$BI$4,$CM34<>""),"Sim","") | CT34: =IF(AND(SUM(INDIRECT("CI"&ROW(CI35) - $BI$4&":CI" & ROW(CI34)))=$BI$4,$CM34<>""),"Sim","") | CU34: =IF(AND(SUM(INDIRECT("CJ"&ROW(CJ35) - $BI$4&":CJ" & ROW(CJ34)))=$BI$4,$CM34<>""),"Sim","") | CV34: =IF(AND(SUM(INDIRECT("CK"&ROW(CK35) - $BI$4&":CK" & ROW(CK34)))=$BI$4,$CM34<>""),"Sim","") | CW34: =IF(AND(SUM(INDIRECT("CL"&ROW(CL35) - $BI$4&":CL" & ROW(CL34)))=$BI$4,$CM34<>""),"Sim","") | DB34: =IF(DD34<>"","Ago.","") | DC34: 8 | DD34: =IFERROR(__xludf.DUMMYFUNCTION("IFERROR(AVERAGE(FILTER($AP$13:$AP$500,$A$13:$A$500>=$DQ$25,$A$13:$A$500<=$DQ$26,$DW$13:$DW$500=DC34)),"""")"),"") | DU34: =A34 | DV34: =ABA!$A34 | DW34: =IF(DV34<>"",MONTH(DV34),"")
AP35: =IFERROR(AVERAGE(CC35,CD35,CE35,CF35,CG35,CH35,CI35,CJ35,CK35,CL35),"") | CB35: =A35 | CC35: =IFERROR(((B35*(IF(B$11="",INDEX($P$3:$Q$6,MATCH($B$12,$P$3:$P$6,0),2),B$11)))+(C35*(IF(C$11="",INDEX($P$3:$Q$6,MATCH($C$12,$P$3:$P$6,0),2),C$11)))+(D35*IF(D$11="",INDEX($P$3:$Q$6,MATCH($D$12,$P$3:$P$6,0),2),D$11))+(E35*IF(E$11="",INDEX($P$3:$Q$6,MATCH($E$12,$P$3:$P$6,0),2),E$11)))/SUM(B35:E35),"") | CD35: =IFERROR(((F35*(IF(F$11="",INDEX($P$3:$Q$6,MATCH($B$12,$P$3:$P$6,0),2),F$11)))+(G35*(IF(G$11="",INDEX($P$3:$Q$6,MATCH($C$12,$P$3:$P$6,0),2),G$11)))+(H35*IF(H$11="",INDEX($P$3:$Q$6,MATCH($D$12,$P$3:$P$6,0),2),H$11))+(I35*IF(I$11="",INDEX($P$3:$Q$6,MATCH($E$12,$P$3:$P$6,0),2),I$11)))/SUM(F35:I35),"") | CE35: =IFERROR(((J35*(IF(J$11="",INDEX($P$3:$Q$6,MATCH($B$12,$P$3:$P$6,0),2),J$11)))+(K35*(IF(K$11="",INDEX($P$3:$Q$6,MATCH($C$12,$P$3:$P$6,0),2),K$11)))+(L35*IF(L$11="",INDEX($P$3:$Q$6,MATCH($D$12,$P$3:$P$6,0),2),L$11))+(M35*IF(M$11="",INDEX($P$3:$Q$6,MATCH($E$12,$P$3:$P$6,0),2),M$11)))/SUM(J35:M35),"") | CF35: =IFERROR(((N35*(IF(N$11="",INDEX($P$3:$Q$6,MATCH($B$12,$P$3:$P$6,0),2),N$11)))+(O35*(IF(O$11="",INDEX($P$3:$Q$6,MATCH($C$12,$P$3:$P$6,0),2),O$11)))+(P35*IF(P$11="",INDEX($P$3:$Q$6,MATCH($D$12,$P$3:$P$6,0),2),P$11))+(Q35*IF(Q$11="",INDEX($P$3:$Q$6,MATCH($E$12,$P$3:$P$6,0),2),Q$11)))/SUM(N35:Q35),"") | CG35: =IFERROR(((R35*(IF(R$11="",INDEX($P$3:$Q$6,MATCH($B$12,$P$3:$P$6,0),2),R$11)))+(S35*(IF(S$11="",INDEX($P$3:$Q$6,MATCH($C$12,$P$3:$P$6,0),2),S$11)))+(T35*IF(T$11="",INDEX($P$3:$Q$6,MATCH($D$12,$P$3:$P$6,0),2),T$11))+(U35*IF(U$11="",INDEX($P$3:$Q$6,MATCH($E$12,$P$3:$P$6,0),2),U$11)))/SUM(R35:U35),"") | CH35: =IFERROR(((V35*(IF(V$11="",INDEX($P$3:$Q$6,MATCH($B$12,$P$3:$P$6,0),2),V$11)))+(W35*(IF(W$11="",INDEX($P$3:$Q$6,MATCH($C$12,$P$3:$P$6,0),2),W$11)))+(X35*IF(X$11="",INDEX($P$3:$Q$6,MATCH($D$12,$P$3:$P$6,0),2),X$11))+(Y35*IF(Y$11="",INDEX($P$3:$Q$6,MATCH($E$12,$P$3:$P$6,0),2),Y$11)))/SUM(V35:Y35),"") | CI35: =IFERROR(((Z35*(IF(Z$11="",INDEX($P$3:$Q$6,MATCH($B$12,$P$3:$P$6,0),2),Z$11)))+(AA35*(IF(AA$11="",INDEX($P$3:$Q$6,MATCH($C$12,$P$3:$P$6,0),2),AA$11)))+(AB35*IF(AB$11="",INDEX($P$3:$Q$6,MATCH($D$12,$P$3:$P$6,0),2),AB$11))+(AC35*IF(AC$11="",INDEX($P$3:$Q$6,MATCH($E$12,$P$3:$P$6,0),2),AC$11)))/SUM(Z35:AC35),"") | CJ35: =IFERROR(((AD35*(IF(AD$11="",INDEX($P$3:$Q$6,MATCH($B$12,$P$3:$P$6,0),2),AD$11)))+(AE35*(IF(AE$11="",INDEX($P$3:$Q$6,MATCH($C$12,$P$3:$P$6,0),2),AE$11)))+(AF35*IF(AF$11="",INDEX($P$3:$Q$6,MATCH($D$12,$P$3:$P$6,0),2),AF$11))+(AG35*IF(AG$11="",INDEX($P$3:$Q$6,MATCH($E$12,$P$3:$P$6,0),2),L$11)))/SUM(AD35:AG35),"") | CK35: =IFERROR(((AH35*(IF(AH$11="",INDEX($P$3:$Q$6,MATCH($B$12,$P$3:$P$6,0),2),AH$11)))+(AI35*(IF(AI$11="",INDEX($P$3:$Q$6,MATCH($C$12,$P$3:$P$6,0),2),AI$11)))+(AJ35*IF(AJ$11="",INDEX($P$3:$Q$6,MATCH($D$12,$P$3:$P$6,0),2),AJ$11))+(AK35*IF(AK$11="",INDEX($P$3:$Q$6,MATCH($E$12,$P$3:$P$6,0),2),AK$11)))/SUM(AH35:AK35),"") | CL35: =IFERROR(((AL35*(IF(AL$11="",INDEX($P$3:$Q$6,MATCH($B$12,$P$3:$P$6,0),2),AL$11)))+(AM35*(IF(AM$11="",INDEX($P$3:$Q$6,MATCH($C$12,$P$3:$P$6,0),2),AM$11)))+(AN35*IF(AN$11="",INDEX($P$3:$Q$6,MATCH($D$12,$P$3:$P$6,0),2),AN$11))+(AO35*IF(AO$11="",INDEX($P$3:$Q$6,MATCH($E$12,$P$3:$P$6,0),2),AO$11)))/SUM(AL35:AO35),"") | CM35: =A35 | CN35: =IF(AND(SUM(INDIRECT("CC"&ROW(CC36) - $BI$4&":CC" & ROW(CC35)))=$BI$4,CM35<>""),"Sim","") | CO35: =IF(AND(SUM(INDIRECT("CD"&ROW(CD36) - $BI$4&":CD" & ROW(CD35)))=$BI$4,$CM35<>""),"Sim","") | CP35: =IF(AND(SUM(INDIRECT("CE"&ROW(CE36) - $BI$4&":CE" & ROW(CE35)))=$BI$4,$CM35<>""),"Sim","") | CQ35: =IF(AND(SUM(INDIRECT("CF"&ROW(CF36) - $BI$4&":CF" & ROW(CF35)))=$BI$4,$CM35<>""),"Sim","") | CR35: =IF(AND(SUM(INDIRECT("CG"&ROW(CG36) - $BI$4&":CG" & ROW(CG35)))=$BI$4,$CM35<>""),"Sim","") | CS35: =IF(AND(SUM(INDIRECT("CH"&ROW(CH36) - $BI$4&":CH" & ROW(CH35)))=$BI$4,$CM35<>""),"Sim","") | CT35: =IF(AND(SUM(INDIRECT("CI"&ROW(CI36) - $BI$4&":CI" & ROW(CI35)))=$BI$4,$CM35<>""),"Sim","") | CU35: =IF(AND(SUM(INDIRECT("CJ"&ROW(CJ36) - $BI$4&":CJ" & ROW(CJ35)))=$BI$4,$CM35<>""),"Sim","") | CV35: =IF(AND(SUM(INDIRECT("CK"&ROW(CK36) - $BI$4&":CK" & ROW(CK35)))=$BI$4,$CM35<>""),"Sim","") | CW35: =IF(AND(SUM(INDIRECT("CL"&ROW(CL36) - $BI$4&":CL" & ROW(CL35)))=$BI$4,$CM35<>""),"Sim","") | DB35: =IF(DD35<>"","Set.","") | DC35: 9 | DD35: =IFERROR(__xludf.DUMMYFUNCTION("IFERROR(AVERAGE(FILTER($AP$13:$AP$500,$A$13:$A$500>=$DQ$25,$A$13:$A$500<=$DQ$26,$DW$13:$DW$500=DC35)),"""")"),"") | DU35: =A35 | DV35: =ABA!$A35 | DW35: =IF(DV35<>"",MONTH(DV35),"")
AP36: =IFERROR(AVERAGE(CC36,CD36,CE36,CF36,CG36,CH36,CI36,CJ36,CK36,CL36),"") | CB36: =A36 | CC36: =IFERROR(((B36*(IF(B$11="",INDEX($P$3:$Q$6,MATCH($B$12,$P$3:$P$6,0),2),B$11)))+(C36*(IF(C$11="",INDEX($P$3:$Q$6,MATCH($C$12,$P$3:$P$6,0),2),C$11)))+(D36*IF(D$11="",INDEX($P$3:$Q$6,MATCH($D$12,$P$3:$P$6,0),2),D$11))+(E36*IF(E$11="",INDEX($P$3:$Q$6,MATCH($E$12,$P$3:$P$6,0),2),E$11)))/SUM(B36:E36),"") | CD36: =IFERROR(((F36*(IF(F$11="",INDEX($P$3:$Q$6,MATCH($B$12,$P$3:$P$6,0),2),F$11)))+(G36*(IF(G$11="",INDEX($P$3:$Q$6,MATCH($C$12,$P$3:$P$6,0),2),G$11)))+(H36*IF(H$11="",INDEX($P$3:$Q$6,MATCH($D$12,$P$3:$P$6,0),2),H$11))+(I36*IF(I$11="",INDEX($P$3:$Q$6,MATCH($E$12,$P$3:$P$6,0),2),I$11)))/SUM(F36:I36),"") | CE36: =IFERROR(((J36*(IF(J$11="",INDEX($P$3:$Q$6,MATCH($B$12,$P$3:$P$6,0),2),J$11)))+(K36*(IF(K$11="",INDEX($P$3:$Q$6,MATCH($C$12,$P$3:$P$6,0),2),K$11)))+(L36*IF(L$11="",INDEX($P$3:$Q$6,MATCH($D$12,$P$3:$P$6,0),2),L$11))+(M36*IF(M$11="",INDEX($P$3:$Q$6,MATCH($E$12,$P$3:$P$6,0),2),M$11)))/SUM(J36:M36),"") | CF36: =IFERROR(((N36*(IF(N$11="",INDEX($P$3:$Q$6,MATCH($B$12,$P$3:$P$6,0),2),N$11)))+(O36*(IF(O$11="",INDEX($P$3:$Q$6,MATCH($C$12,$P$3:$P$6,0),2),O$11)))+(P36*IF(P$11="",INDEX($P$3:$Q$6,MATCH($D$12,$P$3:$P$6,0),2),P$11))+(Q36*IF(Q$11="",INDEX($P$3:$Q$6,MATCH($E$12,$P$3:$P$6,0),2),Q$11)))/SUM(N36:Q36),"") | CG36: =IFERROR(((R36*(IF(R$11="",INDEX($P$3:$Q$6,MATCH($B$12,$P$3:$P$6,0),2),R$11)))+(S36*(IF(S$11="",INDEX($P$3:$Q$6,MATCH($C$12,$P$3:$P$6,0),2),S$11)))+(T36*IF(T$11="",INDEX($P$3:$Q$6,MATCH($D$12,$P$3:$P$6,0),2),T$11))+(U36*IF(U$11="",INDEX($P$3:$Q$6,MATCH($E$12,$P$3:$P$6,0),2),U$11)))/SUM(R36:U36),"") | CH36: =IFERROR(((V36*(IF(V$11="",INDEX($P$3:$Q$6,MATCH($B$12,$P$3:$P$6,0),2),V$11)))+(W36*(IF(W$11="",INDEX($P$3:$Q$6,MATCH($C$12,$P$3:$P$6,0),2),W$11)))+(X36*IF(X$11="",INDEX($P$3:$Q$6,MATCH($D$12,$P$3:$P$6,0),2),X$11))+(Y36*IF(Y$11="",INDEX($P$3:$Q$6,MATCH($E$12,$P$3:$P$6,0),2),Y$11)))/SUM(V36:Y36),"") | CI36: =IFERROR(((Z36*(IF(Z$11="",INDEX($P$3:$Q$6,MATCH($B$12,$P$3:$P$6,0),2),Z$11)))+(AA36*(IF(AA$11="",INDEX($P$3:$Q$6,MATCH($C$12,$P$3:$P$6,0),2),AA$11)))+(AB36*IF(AB$11="",INDEX($P$3:$Q$6,MATCH($D$12,$P$3:$P$6,0),2),AB$11))+(AC36*IF(AC$11="",INDEX($P$3:$Q$6,MATCH($E$12,$P$3:$P$6,0),2),AC$11)))/SUM(Z36:AC36),"") | CJ36: =IFERROR(((AD36*(IF(AD$11="",INDEX($P$3:$Q$6,MATCH($B$12,$P$3:$P$6,0),2),AD$11)))+(AE36*(IF(AE$11="",INDEX($P$3:$Q$6,MATCH($C$12,$P$3:$P$6,0),2),AE$11)))+(AF36*IF(AF$11="",INDEX($P$3:$Q$6,MATCH($D$12,$P$3:$P$6,0),2),AF$11))+(AG36*IF(AG$11="",INDEX($P$3:$Q$6,MATCH($E$12,$P$3:$P$6,0),2),L$11)))/SUM(AD36:AG36),"") | CK36: =IFERROR(((AH36*(IF(AH$11="",INDEX($P$3:$Q$6,MATCH($B$12,$P$3:$P$6,0),2),AH$11)))+(AI36*(IF(AI$11="",INDEX($P$3:$Q$6,MATCH($C$12,$P$3:$P$6,0),2),AI$11)))+(AJ36*IF(AJ$11="",INDEX($P$3:$Q$6,MATCH($D$12,$P$3:$P$6,0),2),AJ$11))+(AK36*IF(AK$11="",INDEX($P$3:$Q$6,MATCH($E$12,$P$3:$P$6,0),2),AK$11)))/SUM(AH36:AK36),"") | CL36: =IFERROR(((AL36*(IF(AL$11="",INDEX($P$3:$Q$6,MATCH($B$12,$P$3:$P$6,0),2),AL$11)))+(AM36*(IF(AM$11="",INDEX($P$3:$Q$6,MATCH($C$12,$P$3:$P$6,0),2),AM$11)))+(AN36*IF(AN$11="",INDEX($P$3:$Q$6,MATCH($D$12,$P$3:$P$6,0),2),AN$11))+(AO36*IF(AO$11="",INDEX($P$3:$Q$6,MATCH($E$12,$P$3:$P$6,0),2),AO$11)))/SUM(AL36:AO36),"") | CM36: =A36 | CN36: =IF(AND(SUM(INDIRECT("CC"&ROW(CC37) - $BI$4&":CC" & ROW(CC36)))=$BI$4,CM36<>""),"Sim","") | CO36: =IF(AND(SUM(INDIRECT("CD"&ROW(CD37) - $BI$4&":CD" & ROW(CD36)))=$BI$4,$CM36<>""),"Sim","") | CP36: =IF(AND(SUM(INDIRECT("CE"&ROW(CE37) - $BI$4&":CE" & ROW(CE36)))=$BI$4,$CM36<>""),"Sim","") | CQ36: =IF(AND(SUM(INDIRECT("CF"&ROW(CF37) - $BI$4&":CF" & ROW(CF36)))=$BI$4,$CM36<>""),"Sim","") | CR36: =IF(AND(SUM(INDIRECT("CG"&ROW(CG37) - $BI$4&":CG" & ROW(CG36)))=$BI$4,$CM36<>""),"Sim","") | CS36: =IF(AND(SUM(INDIRECT("CH"&ROW(CH37) - $BI$4&":CH" & ROW(CH36)))=$BI$4,$CM36<>""),"Sim","") | CT36: =IF(AND(SUM(INDIRECT("CI"&ROW(CI37) - $BI$4&":CI" & ROW(CI36)))=$BI$4,$CM36<>""),"Sim","") | CU36: =IF(AND(SUM(INDIRECT("CJ"&ROW(CJ37) - $BI$4&":CJ" & ROW(CJ36)))=$BI$4,$CM36<>""),"Sim","") | CV36: =IF(AND(SUM(INDIRECT("CK"&ROW(CK37) - $BI$4&":CK" & ROW(CK36)))=$BI$4,$CM36<>""),"Sim","") | CW36: =IF(AND(SUM(INDIRECT("CL"&ROW(CL37) - $BI$4&":CL" & ROW(CL36)))=$BI$4,$CM36<>""),"Sim","") | DB36: =IF(DD36<>"","Out.","") | DC36: 10 | DD36: =IFERROR(__xludf.DUMMYFUNCTION("IFERROR(AVERAGE(FILTER($AP$13:$AP$500,$A$13:$A$500>=$DQ$25,$A$13:$A$500<=$DQ$26,$DW$13:$DW$500=DC36)),"""")"),"") | DU36: =A36 | DV36: =ABA!$A36 | DW36: =IF(DV36<>"",MONTH(DV36),"")
AP37: =IFERROR(AVERAGE(CC37,CD37,CE37,CF37,CG37,CH37,CI37,CJ37,CK37,CL37),"") | CB37: =A37 | CC37: =IFERROR(((B37*(IF(B$11="",INDEX($P$3:$Q$6,MATCH($B$12,$P$3:$P$6,0),2),B$11)))+(C37*(IF(C$11="",INDEX($P$3:$Q$6,MATCH($C$12,$P$3:$P$6,0),2),C$11)))+(D37*IF(D$11="",INDEX($P$3:$Q$6,MATCH($D$12,$P$3:$P$6,0),2),D$11))+(E37*IF(E$11="",INDEX($P$3:$Q$6,MATCH($E$12,$P$3:$P$6,0),2),E$11)))/SUM(B37:E37),"") | CD37: =IFERROR(((F37*(IF(F$11="",INDEX($P$3:$Q$6,MATCH($B$12,$P$3:$P$6,0),2),F$11)))+(G37*(IF(G$11="",INDEX($P$3:$Q$6,MATCH($C$12,$P$3:$P$6,0),2),G$11)))+(H37*IF(H$11="",INDEX($P$3:$Q$6,MATCH($D$12,$P$3:$P$6,0),2),H$11))+(I37*IF(I$11="",INDEX($P$3:$Q$6,MATCH($E$12,$P$3:$P$6,0),2),I$11)))/SUM(F37:I37),"") | CE37: =IFERROR(((J37*(IF(J$11="",INDEX($P$3:$Q$6,MATCH($B$12,$P$3:$P$6,0),2),J$11)))+(K37*(IF(K$11="",INDEX($P$3:$Q$6,MATCH($C$12,$P$3:$P$6,0),2),K$11)))+(L37*IF(L$11="",INDEX($P$3:$Q$6,MATCH($D$12,$P$3:$P$6,0),2),L$11))+(M37*IF(M$11="",INDEX($P$3:$Q$6,MATCH($E$12,$P$3:$P$6,0),2),M$11)))/SUM(J37:M37),"") | CF37: =IFERROR(((N37*(IF(N$11="",INDEX($P$3:$Q$6,MATCH($B$12,$P$3:$P$6,0),2),N$11)))+(O37*(IF(O$11="",INDEX($P$3:$Q$6,MATCH($C$12,$P$3:$P$6,0),2),O$11)))+(P37*IF(P$11="",INDEX($P$3:$Q$6,MATCH($D$12,$P$3:$P$6,0),2),P$11))+(Q37*IF(Q$11="",INDEX($P$3:$Q$6,MATCH($E$12,$P$3:$P$6,0),2),Q$11)))/SUM(N37:Q37),"") | CG37: =IFERROR(((R37*(IF(R$11="",INDEX($P$3:$Q$6,MATCH($B$12,$P$3:$P$6,0),2),R$11)))+(S37*(IF(S$11="",INDEX($P$3:$Q$6,MATCH($C$12,$P$3:$P$6,0),2),S$11)))+(T37*IF(T$11="",INDEX($P$3:$Q$6,MATCH($D$12,$P$3:$P$6,0),2),T$11))+(U37*IF(U$11="",INDEX($P$3:$Q$6,MATCH($E$12,$P$3:$P$6,0),2),U$11)))/SUM(R37:U37),"") | CH37: =IFERROR(((V37*(IF(V$11="",INDEX($P$3:$Q$6,MATCH($B$12,$P$3:$P$6,0),2),V$11)))+(W37*(IF(W$11="",INDEX($P$3:$Q$6,MATCH($C$12,$P$3:$P$6,0),2),W$11)))+(X37*IF(X$11="",INDEX($P$3:$Q$6,MATCH($D$12,$P$3:$P$6,0),2),X$11))+(Y37*IF(Y$11="",INDEX($P$3:$Q$6,MATCH($E$12,$P$3:$P$6,0),2),Y$11)))/SUM(V37:Y37),"") | CI37: =IFERROR(((Z37*(IF(Z$11="",INDEX($P$3:$Q$6,MATCH($B$12,$P$3:$P$6,0),2),Z$11)))+(AA37*(IF(AA$11="",INDEX($P$3:$Q$6,MATCH($C$12,$P$3:$P$6,0),2),AA$11)))+(AB37*IF(AB$11="",INDEX($P$3:$Q$6,MATCH($D$12,$P$3:$P$6,0),2),AB$11))+(AC37*IF(AC$11="",INDEX($P$3:$Q$6,MATCH($E$12,$P$3:$P$6,0),2),AC$11)))/SUM(Z37:AC37),"") | CJ37: =IFERROR(((AD37*(IF(AD$11="",INDEX($P$3:$Q$6,MATCH($B$12,$P$3:$P$6,0),2),AD$11)))+(AE37*(IF(AE$11="",INDEX($P$3:$Q$6,MATCH($C$12,$P$3:$P$6,0),2),AE$11)))+(AF37*IF(AF$11="",INDEX($P$3:$Q$6,MATCH($D$12,$P$3:$P$6,0),2),AF$11))+(AG37*IF(AG$11="",INDEX($P$3:$Q$6,MATCH($E$12,$P$3:$P$6,0),2),L$11)))/SUM(AD37:AG37),"") | CK37: =IFERROR(((AH37*(IF(AH$11="",INDEX($P$3:$Q$6,MATCH($B$12,$P$3:$P$6,0),2),AH$11)))+(AI37*(IF(AI$11="",INDEX($P$3:$Q$6,MATCH($C$12,$P$3:$P$6,0),2),AI$11)))+(AJ37*IF(AJ$11="",INDEX($P$3:$Q$6,MATCH($D$12,$P$3:$P$6,0),2),AJ$11))+(AK37*IF(AK$11="",INDEX($P$3:$Q$6,MATCH($E$12,$P$3:$P$6,0),2),AK$11)))/SUM(AH37:AK37),"") | CL37: =IFERROR(((AL37*(IF(AL$11="",INDEX($P$3:$Q$6,MATCH($B$12,$P$3:$P$6,0),2),AL$11)))+(AM37*(IF(AM$11="",INDEX($P$3:$Q$6,MATCH($C$12,$P$3:$P$6,0),2),AM$11)))+(AN37*IF(AN$11="",INDEX($P$3:$Q$6,MATCH($D$12,$P$3:$P$6,0),2),AN$11))+(AO37*IF(AO$11="",INDEX($P$3:$Q$6,MATCH($E$12,$P$3:$P$6,0),2),AO$11)))/SUM(AL37:AO37),"") | CM37: =A37 | CN37: =IF(AND(SUM(INDIRECT("CC"&ROW(CC38) - $BI$4&":CC" & ROW(CC37)))=$BI$4,CM37<>""),"Sim","") | CO37: =IF(AND(SUM(INDIRECT("CD"&ROW(CD38) - $BI$4&":CD" & ROW(CD37)))=$BI$4,$CM37<>""),"Sim","") | CP37: =IF(AND(SUM(INDIRECT("CE"&ROW(CE38) - $BI$4&":CE" & ROW(CE37)))=$BI$4,$CM37<>""),"Sim","") | CQ37: =IF(AND(SUM(INDIRECT("CF"&ROW(CF38) - $BI$4&":CF" & ROW(CF37)))=$BI$4,$CM37<>""),"Sim","") | CR37: =IF(AND(SUM(INDIRECT("CG"&ROW(CG38) - $BI$4&":CG" & ROW(CG37)))=$BI$4,$CM37<>""),"Sim","") | CS37: =IF(AND(SUM(INDIRECT("CH"&ROW(CH38) - $BI$4&":CH" & ROW(CH37)))=$BI$4,$CM37<>""),"Sim","") | CT37: =IF(AND(SUM(INDIRECT("CI"&ROW(CI38) - $BI$4&":CI" & ROW(CI37)))=$BI$4,$CM37<>""),"Sim","") | CU37: =IF(AND(SUM(INDIRECT("CJ"&ROW(CJ38) - $BI$4&":CJ" & ROW(CJ37)))=$BI$4,$CM37<>""),"Sim","") | CV37: =IF(AND(SUM(INDIRECT("CK"&ROW(CK38) - $BI$4&":CK" & ROW(CK37)))=$BI$4,$CM37<>""),"Sim","") | CW37: =IF(AND(SUM(INDIRECT("CL"&ROW(CL38) - $BI$4&":CL" & ROW(CL37)))=$BI$4,$CM37<>""),"Sim","") | DB37: =IF(DD37<>"","Nov.","") | DC37: 11 | DD37: =IFERROR(__xludf.DUMMYFUNCTION("IFERROR(AVERAGE(FILTER($AP$13:$AP$500,$A$13:$A$500>=$DQ$25,$A$13:$A$500<=$DQ$26,$DW$13:$DW$500=DC37)),"""")"),"") | DU37: =A37 | DV37: =ABA!$A37 | DW37: =IF(DV37<>"",MONTH(DV37),"")
AP38: =IFERROR(AVERAGE(CC38,CD38,CE38,CF38,CG38,CH38,CI38,CJ38,CK38,CL38),"") | CB38: =A38 | CC38: =IFERROR(((B38*(IF(B$11="",INDEX($P$3:$Q$6,MATCH($B$12,$P$3:$P$6,0),2),B$11)))+(C38*(IF(C$11="",INDEX($P$3:$Q$6,MATCH($C$12,$P$3:$P$6,0),2),C$11)))+(D38*IF(D$11="",INDEX($P$3:$Q$6,MATCH($D$12,$P$3:$P$6,0),2),D$11))+(E38*IF(E$11="",INDEX($P$3:$Q$6,MATCH($E$12,$P$3:$P$6,0),2),E$11)))/SUM(B38:E38),"") | CD38: =IFERROR(((F38*(IF(F$11="",INDEX($P$3:$Q$6,MATCH($B$12,$P$3:$P$6,0),2),F$11)))+(G38*(IF(G$11="",INDEX($P$3:$Q$6,MATCH($C$12,$P$3:$P$6,0),2),G$11)))+(H38*IF(H$11="",INDEX($P$3:$Q$6,MATCH($D$12,$P$3:$P$6,0),2),H$11))+(I38*IF(I$11="",INDEX($P$3:$Q$6,MATCH($E$12,$P$3:$P$6,0),2),I$11)))/SUM(F38:I38),"") | CE38: =IFERROR(((J38*(IF(J$11="",INDEX($P$3:$Q$6,MATCH($B$12,$P$3:$P$6,0),2),J$11)))+(K38*(IF(K$11="",INDEX($P$3:$Q$6,MATCH($C$12,$P$3:$P$6,0),2),K$11)))+(L38*IF(L$11="",INDEX($P$3:$Q$6,MATCH($D$12,$P$3:$P$6,0),2),L$11))+(M38*IF(M$11="",INDEX($P$3:$Q$6,MATCH($E$12,$P$3:$P$6,0),2),M$11)))/SUM(J38:M38),"") | CF38: =IFERROR(((N38*(IF(N$11="",INDEX($P$3:$Q$6,MATCH($B$12,$P$3:$P$6,0),2),N$11)))+(O38*(IF(O$11="",INDEX($P$3:$Q$6,MATCH($C$12,$P$3:$P$6,0),2),O$11)))+(P38*IF(P$11="",INDEX($P$3:$Q$6,MATCH($D$12,$P$3:$P$6,0),2),P$11))+(Q38*IF(Q$11="",INDEX($P$3:$Q$6,MATCH($E$12,$P$3:$P$6,0),2),Q$11)))/SUM(N38:Q38),"") | CG38: =IFERROR(((R38*(IF(R$11="",INDEX($P$3:$Q$6,MATCH($B$12,$P$3:$P$6,0),2),R$11)))+(S38*(IF(S$11="",INDEX($P$3:$Q$6,MATCH($C$12,$P$3:$P$6,0),2),S$11)))+(T38*IF(T$11="",INDEX($P$3:$Q$6,MATCH($D$12,$P$3:$P$6,0),2),T$11))+(U38*IF(U$11="",INDEX($P$3:$Q$6,MATCH($E$12,$P$3:$P$6,0),2),U$11)))/SUM(R38:U38),"") | CH38: =IFERROR(((V38*(IF(V$11="",INDEX($P$3:$Q$6,MATCH($B$12,$P$3:$P$6,0),2),V$11)))+(W38*(IF(W$11="",INDEX($P$3:$Q$6,MATCH($C$12,$P$3:$P$6,0),2),W$11)))+(X38*IF(X$11="",INDEX($P$3:$Q$6,MATCH($D$12,$P$3:$P$6,0),2),X$11))+(Y38*IF(Y$11="",INDEX($P$3:$Q$6,MATCH($E$12,$P$3:$P$6,0),2),Y$11)))/SUM(V38:Y38),"") | CI38: =IFERROR(((Z38*(IF(Z$11="",INDEX($P$3:$Q$6,MATCH($B$12,$P$3:$P$6,0),2),Z$11)))+(AA38*(IF(AA$11="",INDEX($P$3:$Q$6,MATCH($C$12,$P$3:$P$6,0),2),AA$11)))+(AB38*IF(AB$11="",INDEX($P$3:$Q$6,MATCH($D$12,$P$3:$P$6,0),2),AB$11))+(AC38*IF(AC$11="",INDEX($P$3:$Q$6,MATCH($E$12,$P$3:$P$6,0),2),AC$11)))/SUM(Z38:AC38),"") | CJ38: =IFERROR(((AD38*(IF(AD$11="",INDEX($P$3:$Q$6,MATCH($B$12,$P$3:$P$6,0),2),AD$11)))+(AE38*(IF(AE$11="",INDEX($P$3:$Q$6,MATCH($C$12,$P$3:$P$6,0),2),AE$11)))+(AF38*IF(AF$11="",INDEX($P$3:$Q$6,MATCH($D$12,$P$3:$P$6,0),2),AF$11))+(AG38*IF(AG$11="",INDEX($P$3:$Q$6,MATCH($E$12,$P$3:$P$6,0),2),L$11)))/SUM(AD38:AG38),"") | CK38: =IFERROR(((AH38*(IF(AH$11="",INDEX($P$3:$Q$6,MATCH($B$12,$P$3:$P$6,0),2),AH$11)))+(AI38*(IF(AI$11="",INDEX($P$3:$Q$6,MATCH($C$12,$P$3:$P$6,0),2),AI$11)))+(AJ38*IF(AJ$11="",INDEX($P$3:$Q$6,MATCH($D$12,$P$3:$P$6,0),2),AJ$11))+(AK38*IF(AK$11="",INDEX($P$3:$Q$6,MATCH($E$12,$P$3:$P$6,0),2),AK$11)))/SUM(AH38:AK38),"") | CL38: =IFERROR(((AL38*(IF(AL$11="",INDEX($P$3:$Q$6,MATCH($B$12,$P$3:$P$6,0),2),AL$11)))+(AM38*(IF(AM$11="",INDEX($P$3:$Q$6,MATCH($C$12,$P$3:$P$6,0),2),AM$11)))+(AN38*IF(AN$11="",INDEX($P$3:$Q$6,MATCH($D$12,$P$3:$P$6,0),2),AN$11))+(AO38*IF(AO$11="",INDEX($P$3:$Q$6,MATCH($E$12,$P$3:$P$6,0),2),AO$11)))/SUM(AL38:AO38),"") | CM38: =A38 | CN38: =IF(AND(SUM(INDIRECT("CC"&ROW(CC39) - $BI$4&":CC" & ROW(CC38)))=$BI$4,CM38<>""),"Sim","") | CO38: =IF(AND(SUM(INDIRECT("CD"&ROW(CD39) - $BI$4&":CD" & ROW(CD38)))=$BI$4,$CM38<>""),"Sim","") | CP38: =IF(AND(SUM(INDIRECT("CE"&ROW(CE39) - $BI$4&":CE" & ROW(CE38)))=$BI$4,$CM38<>""),"Sim","") | CQ38: =IF(AND(SUM(INDIRECT("CF"&ROW(CF39) - $BI$4&":CF" & ROW(CF38)))=$BI$4,$CM38<>""),"Sim","") | CR38: =IF(AND(SUM(INDIRECT("CG"&ROW(CG39) - $BI$4&":CG" & ROW(CG38)))=$BI$4,$CM38<>""),"Sim","") | CS38: =IF(AND(SUM(INDIRECT("CH"&ROW(CH39) - $BI$4&":CH" & ROW(CH38)))=$BI$4,$CM38<>""),"Sim","") | CT38: =IF(AND(SUM(INDIRECT("CI"&ROW(CI39) - $BI$4&":CI" & ROW(CI38)))=$BI$4,$CM38<>""),"Sim","") | CU38: =IF(AND(SUM(INDIRECT("CJ"&ROW(CJ39) - $BI$4&":CJ" & ROW(CJ38)))=$BI$4,$CM38<>""),"Sim","") | CV38: =IF(AND(SUM(INDIRECT("CK"&ROW(CK39) - $BI$4&":CK" & ROW(CK38)))=$BI$4,$CM38<>""),"Sim","") | CW38: =IF(AND(SUM(INDIRECT("CL"&ROW(CL39) - $BI$4&":CL" & ROW(CL38)))=$BI$4,$CM38<>""),"Sim","") | DB38: =IF(DD38<>"","Dez.","") | DC38: 12 | DD38: =IFERROR(__xludf.DUMMYFUNCTION("IFERROR(AVERAGE(FILTER($AP$13:$AP$500,$A$13:$A$500>=$DQ$25,$A$13:$A$500<=$DQ$26,$DW$13:$DW$500=DC38)),"""")"),"") | DU38: =A38 | DV38: =ABA!$A38 | DW38: =IF(DV38<>"",MONTH(DV38),"")
AP39: =IFERROR(AVERAGE(CC39,CD39,CE39,CF39,CG39,CH39,CI39,CJ39,CK39,CL39),"") | CB39: =A39 | CC39: =IFERROR(((B39*(IF(B$11="",INDEX($P$3:$Q$6,MATCH($B$12,$P$3:$P$6,0),2),B$11)))+(C39*(IF(C$11="",INDEX($P$3:$Q$6,MATCH($C$12,$P$3:$P$6,0),2),C$11)))+(D39*IF(D$11="",INDEX($P$3:$Q$6,MATCH($D$12,$P$3:$P$6,0),2),D$11))+(E39*IF(E$11="",INDEX($P$3:$Q$6,MATCH($E$12,$P$3:$P$6,0),2),E$11)))/SUM(B39:E39),"") | CD39: =IFERROR(((F39*(IF(F$11="",INDEX($P$3:$Q$6,MATCH($B$12,$P$3:$P$6,0),2),F$11)))+(G39*(IF(G$11="",INDEX($P$3:$Q$6,MATCH($C$12,$P$3:$P$6,0),2),G$11)))+(H39*IF(H$11="",INDEX($P$3:$Q$6,MATCH($D$12,$P$3:$P$6,0),2),H$11))+(I39*IF(I$11="",INDEX($P$3:$Q$6,MATCH($E$12,$P$3:$P$6,0),2),I$11)))/SUM(F39:I39),"") | CE39: =IFERROR(((J39*(IF(J$11="",INDEX($P$3:$Q$6,MATCH($B$12,$P$3:$P$6,0),2),J$11)))+(K39*(IF(K$11="",INDEX($P$3:$Q$6,MATCH($C$12,$P$3:$P$6,0),2),K$11)))+(L39*IF(L$11="",INDEX($P$3:$Q$6,MATCH($D$12,$P$3:$P$6,0),2),L$11))+(M39*IF(M$11="",INDEX($P$3:$Q$6,MATCH($E$12,$P$3:$P$6,0),2),M$11)))/SUM(J39:M39),"") | CF39: =IFERROR(((N39*(IF(N$11="",INDEX($P$3:$Q$6,MATCH($B$12,$P$3:$P$6,0),2),N$11)))+(O39*(IF(O$11="",INDEX($P$3:$Q$6,MATCH($C$12,$P$3:$P$6,0),2),O$11)))+(P39*IF(P$11="",INDEX($P$3:$Q$6,MATCH($D$12,$P$3:$P$6,0),2),P$11))+(Q39*IF(Q$11="",INDEX($P$3:$Q$6,MATCH($E$12,$P$3:$P$6,0),2),Q$11)))/SUM(N39:Q39),"") | CG39: =IFERROR(((R39*(IF(R$11="",INDEX($P$3:$Q$6,MATCH($B$12,$P$3:$P$6,0),2),R$11)))+(S39*(IF(S$11="",INDEX($P$3:$Q$6,MATCH($C$12,$P$3:$P$6,0),2),S$11)))+(T39*IF(T$11="",INDEX($P$3:$Q$6,MATCH($D$12,$P$3:$P$6,0),2),T$11))+(U39*IF(U$11="",INDEX($P$3:$Q$6,MATCH($E$12,$P$3:$P$6,0),2),U$11)))/SUM(R39:U39),"") | CH39: =IFERROR(((V39*(IF(V$11="",INDEX($P$3:$Q$6,MATCH($B$12,$P$3:$P$6,0),2),V$11)))+(W39*(IF(W$11="",INDEX($P$3:$Q$6,MATCH($C$12,$P$3:$P$6,0),2),W$11)))+(X39*IF(X$11="",INDEX($P$3:$Q$6,MATCH($D$12,$P$3:$P$6,0),2),X$11))+(Y39*IF(Y$11="",INDEX($P$3:$Q$6,MATCH($E$12,$P$3:$P$6,0),2),Y$11)))/SUM(V39:Y39),"") | CI39: =IFERROR(((Z39*(IF(Z$11="",INDEX($P$3:$Q$6,MATCH($B$12,$P$3:$P$6,0),2),Z$11)))+(AA39*(IF(AA$11="",INDEX($P$3:$Q$6,MATCH($C$12,$P$3:$P$6,0),2),AA$11)))+(AB39*IF(AB$11="",INDEX($P$3:$Q$6,MATCH($D$12,$P$3:$P$6,0),2),AB$11))+(AC39*IF(AC$11="",INDEX($P$3:$Q$6,MATCH($E$12,$P$3:$P$6,0),2),AC$11)))/SUM(Z39:AC39),"") | CJ39: =IFERROR(((AD39*(IF(AD$11="",INDEX($P$3:$Q$6,MATCH($B$12,$P$3:$P$6,0),2),AD$11)))+(AE39*(IF(AE$11="",INDEX($P$3:$Q$6,MATCH($C$12,$P$3:$P$6,0),2),AE$11)))+(AF39*IF(AF$11="",INDEX($P$3:$Q$6,MATCH($D$12,$P$3:$P$6,0),2),AF$11))+(AG39*IF(AG$11="",INDEX($P$3:$Q$6,MATCH($E$12,$P$3:$P$6,0),2),L$11)))/SUM(AD39:AG39),"") | CK39: =IFERROR(((AH39*(IF(AH$11="",INDEX($P$3:$Q$6,MATCH($B$12,$P$3:$P$6,0),2),AH$11)))+(AI39*(IF(AI$11="",INDEX($P$3:$Q$6,MATCH($C$12,$P$3:$P$6,0),2),AI$11)))+(AJ39*IF(AJ$11="",INDEX($P$3:$Q$6,MATCH($D$12,$P$3:$P$6,0),2),AJ$11))+(AK39*IF(AK$11="",INDEX($P$3:$Q$6,MATCH($E$12,$P$3:$P$6,0),2),AK$11)))/SUM(AH39:AK39),"") | CL39: =IFERROR(((AL39*(IF(AL$11="",INDEX($P$3:$Q$6,MATCH($B$12,$P$3:$P$6,0),2),AL$11)))+(AM39*(IF(AM$11="",INDEX($P$3:$Q$6,MATCH($C$12,$P$3:$P$6,0),2),AM$11)))+(AN39*IF(AN$11="",INDEX($P$3:$Q$6,MATCH($D$12,$P$3:$P$6,0),2),AN$11))+(AO39*IF(AO$11="",INDEX($P$3:$Q$6,MATCH($E$12,$P$3:$P$6,0),2),AO$11)))/SUM(AL39:AO39),"") | CM39: =A39 | CN39: =IF(AND(SUM(INDIRECT("CC"&ROW(CC40) - $BI$4&":CC" & ROW(CC39)))=$BI$4,CM39<>""),"Sim","") | CO39: =IF(AND(SUM(INDIRECT("CD"&ROW(CD40) - $BI$4&":CD" & ROW(CD39)))=$BI$4,$CM39<>""),"Sim","") | CP39: =IF(AND(SUM(INDIRECT("CE"&ROW(CE40) - $BI$4&":CE" & ROW(CE39)))=$BI$4,$CM39<>""),"Sim","") | CQ39: =IF(AND(SUM(INDIRECT("CF"&ROW(CF40) - $BI$4&":CF" & ROW(CF39)))=$BI$4,$CM39<>""),"Sim","") | CR39: =IF(AND(SUM(INDIRECT("CG"&ROW(CG40) - $BI$4&":CG" & ROW(CG39)))=$BI$4,$CM39<>""),"Sim","") | CS39: =IF(AND(SUM(INDIRECT("CH"&ROW(CH40) - $BI$4&":CH" & ROW(CH39)))=$BI$4,$CM39<>""),"Sim","") | CT39: =IF(AND(SUM(INDIRECT("CI"&ROW(CI40) - $BI$4&":CI" & ROW(CI39)))=$BI$4,$CM39<>""),"Sim","") | CU39: =IF(AND(SUM(INDIRECT("CJ"&ROW(CJ40) - $BI$4&":CJ" & ROW(CJ39)))=$BI$4,$CM39<>""),"Sim","") | CV39: =IF(AND(SUM(INDIRECT("CK"&ROW(CK40) - $BI$4&":CK" & ROW(CK39)))=$BI$4,$CM39<>""),"Sim","") | CW39: =IF(AND(SUM(INDIRECT("CL"&ROW(CL40) - $BI$4&":CL" & ROW(CL39)))=$BI$4,$CM39<>""),"Sim","") | DU39: =A39 | DV39: =ABA!$A39 | DW39: =IF(DV39<>"",MONTH(DV39),"")
AP40: =IFERROR(AVERAGE(CC40,CD40,CE40,CF40,CG40,CH40,CI40,CJ40,CK40,CL40),"") | CB40: =A40 | CC40: =IFERROR(((B40*(IF(B$11="",INDEX($P$3:$Q$6,MATCH($B$12,$P$3:$P$6,0),2),B$11)))+(C40*(IF(C$11="",INDEX($P$3:$Q$6,MATCH($C$12,$P$3:$P$6,0),2),C$11)))+(D40*IF(D$11="",INDEX($P$3:$Q$6,MATCH($D$12,$P$3:$P$6,0),2),D$11))+(E40*IF(E$11="",INDEX($P$3:$Q$6,MATCH($E$12,$P$3:$P$6,0),2),E$11)))/SUM(B40:E40),"") | CD40: =IFERROR(((F40*(IF(F$11="",INDEX($P$3:$Q$6,MATCH($B$12,$P$3:$P$6,0),2),F$11)))+(G40*(IF(G$11="",INDEX($P$3:$Q$6,MATCH($C$12,$P$3:$P$6,0),2),G$11)))+(H40*IF(H$11="",INDEX($P$3:$Q$6,MATCH($D$12,$P$3:$P$6,0),2),H$11))+(I40*IF(I$11="",INDEX($P$3:$Q$6,MATCH($E$12,$P$3:$P$6,0),2),I$11)))/SUM(F40:I40),"") | CE40: =IFERROR(((J40*(IF(J$11="",INDEX($P$3:$Q$6,MATCH($B$12,$P$3:$P$6,0),2),J$11)))+(K40*(IF(K$11="",INDEX($P$3:$Q$6,MATCH($C$12,$P$3:$P$6,0),2),K$11)))+(L40*IF(L$11="",INDEX($P$3:$Q$6,MATCH($D$12,$P$3:$P$6,0),2),L$11))+(M40*IF(M$11="",INDEX($P$3:$Q$6,MATCH($E$12,$P$3:$P$6,0),2),M$11)))/SUM(J40:M40),"") | CF40: =IFERROR(((N40*(IF(N$11="",INDEX($P$3:$Q$6,MATCH($B$12,$P$3:$P$6,0),2),N$11)))+(O40*(IF(O$11="",INDEX($P$3:$Q$6,MATCH($C$12,$P$3:$P$6,0),2),O$11)))+(P40*IF(P$11="",INDEX($P$3:$Q$6,MATCH($D$12,$P$3:$P$6,0),2),P$11))+(Q40*IF(Q$11="",INDEX($P$3:$Q$6,MATCH($E$12,$P$3:$P$6,0),2),Q$11)))/SUM(N40:Q40),"") | CG40: =IFERROR(((R40*(IF(R$11="",INDEX($P$3:$Q$6,MATCH($B$12,$P$3:$P$6,0),2),R$11)))+(S40*(IF(S$11="",INDEX($P$3:$Q$6,MATCH($C$12,$P$3:$P$6,0),2),S$11)))+(T40*IF(T$11="",INDEX($P$3:$Q$6,MATCH($D$12,$P$3:$P$6,0),2),T$11))+(U40*IF(U$11="",INDEX($P$3:$Q$6,MATCH($E$12,$P$3:$P$6,0),2),U$11)))/SUM(R40:U40),"") | CH40: =IFERROR(((V40*(IF(V$11="",INDEX($P$3:$Q$6,MATCH($B$12,$P$3:$P$6,0),2),V$11)))+(W40*(IF(W$11="",INDEX($P$3:$Q$6,MATCH($C$12,$P$3:$P$6,0),2),W$11)))+(X40*IF(X$11="",INDEX($P$3:$Q$6,MATCH($D$12,$P$3:$P$6,0),2),X$11))+(Y40*IF(Y$11="",INDEX($P$3:$Q$6,MATCH($E$12,$P$3:$P$6,0),2),Y$11)))/SUM(V40:Y40),"") | CI40: =IFERROR(((Z40*(IF(Z$11="",INDEX($P$3:$Q$6,MATCH($B$12,$P$3:$P$6,0),2),Z$11)))+(AA40*(IF(AA$11="",INDEX($P$3:$Q$6,MATCH($C$12,$P$3:$P$6,0),2),AA$11)))+(AB40*IF(AB$11="",INDEX($P$3:$Q$6,MATCH($D$12,$P$3:$P$6,0),2),AB$11))+(AC40*IF(AC$11="",INDEX($P$3:$Q$6,MATCH($E$12,$P$3:$P$6,0),2),AC$11)))/SUM(Z40:AC40),"") | CJ40: =IFERROR(((AD40*(IF(AD$11="",INDEX($P$3:$Q$6,MATCH($B$12,$P$3:$P$6,0),2),AD$11)))+(AE40*(IF(AE$11="",INDEX($P$3:$Q$6,MATCH($C$12,$P$3:$P$6,0),2),AE$11)))+(AF40*IF(AF$11="",INDEX($P$3:$Q$6,MATCH($D$12,$P$3:$P$6,0),2),AF$11))+(AG40*IF(AG$11="",INDEX($P$3:$Q$6,MATCH($E$12,$P$3:$P$6,0),2),L$11)))/SUM(AD40:AG40),"") | CK40: =IFERROR(((AH40*(IF(AH$11="",INDEX($P$3:$Q$6,MATCH($B$12,$P$3:$P$6,0),2),AH$11)))+(AI40*(IF(AI$11="",INDEX($P$3:$Q$6,MATCH($C$12,$P$3:$P$6,0),2),AI$11)))+(AJ40*IF(AJ$11="",INDEX($P$3:$Q$6,MATCH($D$12,$P$3:$P$6,0),2),AJ$11))+(AK40*IF(AK$11="",INDEX($P$3:$Q$6,MATCH($E$12,$P$3:$P$6,0),2),AK$11)))/SUM(AH40:AK40),"") | CL40: =IFERROR(((AL40*(IF(AL$11="",INDEX($P$3:$Q$6,MATCH($B$12,$P$3:$P$6,0),2),AL$11)))+(AM40*(IF(AM$11="",INDEX($P$3:$Q$6,MATCH($C$12,$P$3:$P$6,0),2),AM$11)))+(AN40*IF(AN$11="",INDEX($P$3:$Q$6,MATCH($D$12,$P$3:$P$6,0),2),AN$11))+(AO40*IF(AO$11="",INDEX($P$3:$Q$6,MATCH($E$12,$P$3:$P$6,0),2),AO$11)))/SUM(AL40:AO40),"") | CM40: =A40 | CN40: =IF(AND(SUM(INDIRECT("CC"&ROW(CC41) - $BI$4&":CC" & ROW(CC40)))=$BI$4,CM40<>""),"Sim","") | CO40: =IF(AND(SUM(INDIRECT("CD"&ROW(CD41) - $BI$4&":CD" & ROW(CD40)))=$BI$4,$CM40<>""),"Sim","") | CP40: =IF(AND(SUM(INDIRECT("CE"&ROW(CE41) - $BI$4&":CE" & ROW(CE40)))=$BI$4,$CM40<>""),"Sim","") | CQ40: =IF(AND(SUM(INDIRECT("CF"&ROW(CF41) - $BI$4&":CF" & ROW(CF40)))=$BI$4,$CM40<>""),"Sim","") | CR40: =IF(AND(SUM(INDIRECT("CG"&ROW(CG41) - $BI$4&":CG" & ROW(CG40)))=$BI$4,$CM40<>""),"Sim","") | CS40: =IF(AND(SUM(INDIRECT("CH"&ROW(CH41) - $BI$4&":CH" & ROW(CH40)))=$BI$4,$CM40<>""),"Sim","") | CT40: =IF(AND(SUM(INDIRECT("CI"&ROW(CI41) - $BI$4&":CI" & ROW(CI40)))=$BI$4,$CM40<>""),"Sim","") | CU40: =IF(AND(SUM(INDIRECT("CJ"&ROW(CJ41) - $BI$4&":CJ" & ROW(CJ40)))=$BI$4,$CM40<>""),"Sim","") | CV40: =IF(AND(SUM(INDIRECT("CK"&ROW(CK41) - $BI$4&":CK" & ROW(CK40)))=$BI$4,$CM40<>""),"Sim","") | CW40: =IF(AND(SUM(INDIRECT("CL"&ROW(CL41) - $BI$4&":CL" & ROW(CL40)))=$BI$4,$CM40<>""),"Sim","") | DU40: =A40 | DV40: =ABA!$A40 | DW40: =IF(DV40<>"",MONTH(DV40),"")
AP41: =IFERROR(AVERAGE(CC41,CD41,CE41,CF41,CG41,CH41,CI41,CJ41,CK41,CL41),"") | CB41: =A41 | CC41: =IFERROR(((B41*(IF(B$11="",INDEX($P$3:$Q$6,MATCH($B$12,$P$3:$P$6,0),2),B$11)))+(C41*(IF(C$11="",INDEX($P$3:$Q$6,MATCH($C$12,$P$3:$P$6,0),2),C$11)))+(D41*IF(D$11="",INDEX($P$3:$Q$6,MATCH($D$12,$P$3:$P$6,0),2),D$11))+(E41*IF(E$11="",INDEX($P$3:$Q$6,MATCH($E$12,$P$3:$P$6,0),2),E$11)))/SUM(B41:E41),"") | CD41: =IFERROR(((F41*(IF(F$11="",INDEX($P$3:$Q$6,MATCH($B$12,$P$3:$P$6,0),2),F$11)))+(G41*(IF(G$11="",INDEX($P$3:$Q$6,MATCH($C$12,$P$3:$P$6,0),2),G$11)))+(H41*IF(H$11="",INDEX($P$3:$Q$6,MATCH($D$12,$P$3:$P$6,0),2),H$11))+(I41*IF(I$11="",INDEX($P$3:$Q$6,MATCH($E$12,$P$3:$P$6,0),2),I$11)))/SUM(F41:I41),"") | CE41: =IFERROR(((J41*(IF(J$11="",INDEX($P$3:$Q$6,MATCH($B$12,$P$3:$P$6,0),2),J$11)))+(K41*(IF(K$11="",INDEX($P$3:$Q$6,MATCH($C$12,$P$3:$P$6,0),2),K$11)))+(L41*IF(L$11="",INDEX($P$3:$Q$6,MATCH($D$12,$P$3:$P$6,0),2),L$11))+(M41*IF(M$11="",INDEX($P$3:$Q$6,MATCH($E$12,$P$3:$P$6,0),2),M$11)))/SUM(J41:M41),"") | CF41: =IFERROR(((N41*(IF(N$11="",INDEX($P$3:$Q$6,MATCH($B$12,$P$3:$P$6,0),2),N$11)))+(O41*(IF(O$11="",INDEX($P$3:$Q$6,MATCH($C$12,$P$3:$P$6,0),2),O$11)))+(P41*IF(P$11="",INDEX($P$3:$Q$6,MATCH($D$12,$P$3:$P$6,0),2),P$11))+(Q41*IF(Q$11="",INDEX($P$3:$Q$6,MATCH($E$12,$P$3:$P$6,0),2),Q$11)))/SUM(N41:Q41),"") | CG41: =IFERROR(((R41*(IF(R$11="",INDEX($P$3:$Q$6,MATCH($B$12,$P$3:$P$6,0),2),R$11)))+(S41*(IF(S$11="",INDEX($P$3:$Q$6,MATCH($C$12,$P$3:$P$6,0),2),S$11)))+(T41*IF(T$11="",INDEX($P$3:$Q$6,MATCH($D$12,$P$3:$P$6,0),2),T$11))+(U41*IF(U$11="",INDEX($P$3:$Q$6,MATCH($E$12,$P$3:$P$6,0),2),U$11)))/SUM(R41:U41),"") | CH41: =IFERROR(((V41*(IF(V$11="",INDEX($P$3:$Q$6,MATCH($B$12,$P$3:$P$6,0),2),V$11)))+(W41*(IF(W$11="",INDEX($P$3:$Q$6,MATCH($C$12,$P$3:$P$6,0),2),W$11)))+(X41*IF(X$11="",INDEX($P$3:$Q$6,MATCH($D$12,$P$3:$P$6,0),2),X$11))+(Y41*IF(Y$11="",INDEX($P$3:$Q$6,MATCH($E$12,$P$3:$P$6,0),2),Y$11)))/SUM(V41:Y41),"") | CI41: =IFERROR(((Z41*(IF(Z$11="",INDEX($P$3:$Q$6,MATCH($B$12,$P$3:$P$6,0),2),Z$11)))+(AA41*(IF(AA$11="",INDEX($P$3:$Q$6,MATCH($C$12,$P$3:$P$6,0),2),AA$11)))+(AB41*IF(AB$11="",INDEX($P$3:$Q$6,MATCH($D$12,$P$3:$P$6,0),2),AB$11))+(AC41*IF(AC$11="",INDEX($P$3:$Q$6,MATCH($E$12,$P$3:$P$6,0),2),AC$11)))/SUM(Z41:AC41),"") | CJ41: =IFERROR(((AD41*(IF(AD$11="",INDEX($P$3:$Q$6,MATCH($B$12,$P$3:$P$6,0),2),AD$11)))+(AE41*(IF(AE$11="",INDEX($P$3:$Q$6,MATCH($C$12,$P$3:$P$6,0),2),AE$11)))+(AF41*IF(AF$11="",INDEX($P$3:$Q$6,MATCH($D$12,$P$3:$P$6,0),2),AF$11))+(AG41*IF(AG$11="",INDEX($P$3:$Q$6,MATCH($E$12,$P$3:$P$6,0),2),L$11)))/SUM(AD41:AG41),"") | CK41: =IFERROR(((AH41*(IF(AH$11="",INDEX($P$3:$Q$6,MATCH($B$12,$P$3:$P$6,0),2),AH$11)))+(AI41*(IF(AI$11="",INDEX($P$3:$Q$6,MATCH($C$12,$P$3:$P$6,0),2),AI$11)))+(AJ41*IF(AJ$11="",INDEX($P$3:$Q$6,MATCH($D$12,$P$3:$P$6,0),2),AJ$11))+(AK41*IF(AK$11="",INDEX($P$3:$Q$6,MATCH($E$12,$P$3:$P$6,0),2),AK$11)))/SUM(AH41:AK41),"") | CL41: =IFERROR(((AL41*(IF(AL$11="",INDEX($P$3:$Q$6,MATCH($B$12,$P$3:$P$6,0),2),AL$11)))+(AM41*(IF(AM$11="",INDEX($P$3:$Q$6,MATCH($C$12,$P$3:$P$6,0),2),AM$11)))+(AN41*IF(AN$11="",INDEX($P$3:$Q$6,MATCH($D$12,$P$3:$P$6,0),2),AN$11))+(AO41*IF(AO$11="",INDEX($P$3:$Q$6,MATCH($E$12,$P$3:$P$6,0),2),AO$11)))/SUM(AL41:AO41),"") | CM41: =A41 | CN41: =IF(AND(SUM(INDIRECT("CC"&ROW(CC42) - $BI$4&":CC" & ROW(CC41)))=$BI$4,CM41<>""),"Sim","") | CO41: =IF(AND(SUM(INDIRECT("CD"&ROW(CD42) - $BI$4&":CD" & ROW(CD41)))=$BI$4,$CM41<>""),"Sim","") | CP41: =IF(AND(SUM(INDIRECT("CE"&ROW(CE42) - $BI$4&":CE" & ROW(CE41)))=$BI$4,$CM41<>""),"Sim","") | CQ41: =IF(AND(SUM(INDIRECT("CF"&ROW(CF42) - $BI$4&":CF" & ROW(CF41)))=$BI$4,$CM41<>""),"Sim","") | CR41: =IF(AND(SUM(INDIRECT("CG"&ROW(CG42) - $BI$4&":CG" & ROW(CG41)))=$BI$4,$CM41<>""),"Sim","") | CS41: =IF(AND(SUM(INDIRECT("CH"&ROW(CH42) - $BI$4&":CH" & ROW(CH41)))=$BI$4,$CM41<>""),"Sim","") | CT41: =IF(AND(SUM(INDIRECT("CI"&ROW(CI42) - $BI$4&":CI" & ROW(CI41)))=$BI$4,$CM41<>""),"Sim","") | CU41: =IF(AND(SUM(INDIRECT("CJ"&ROW(CJ42) - $BI$4&":CJ" & ROW(CJ41)))=$BI$4,$CM41<>""),"Sim","") | CV41: =IF(AND(SUM(INDIRECT("CK"&ROW(CK42) - $BI$4&":CK" & ROW(CK41)))=$BI$4,$CM41<>""),"Sim","") | CW41: =IF(AND(SUM(INDIRECT("CL"&ROW(CL42) - $BI$4&":CL" & ROW(CL41)))=$BI$4,$CM41<>""),"Sim","") | DU41: =A41 | DV41: =ABA!$A41 | DW41: =IF(DV41<>"",MONTH(DV41),"")
AP42: =IFERROR(AVERAGE(CC42,CD42,CE42,CF42,CG42,CH42,CI42,CJ42,CK42,CL42),"") | CB42: =A42 | CC42: =IFERROR(((B42*(IF(B$11="",INDEX($P$3:$Q$6,MATCH($B$12,$P$3:$P$6,0),2),B$11)))+(C42*(IF(C$11="",INDEX($P$3:$Q$6,MATCH($C$12,$P$3:$P$6,0),2),C$11)))+(D42*IF(D$11="",INDEX($P$3:$Q$6,MATCH($D$12,$P$3:$P$6,0),2),D$11))+(E42*IF(E$11="",INDEX($P$3:$Q$6,MATCH($E$12,$P$3:$P$6,0),2),E$11)))/SUM(B42:E42),"") | CD42: =IFERROR(((F42*(IF(F$11="",INDEX($P$3:$Q$6,MATCH($B$12,$P$3:$P$6,0),2),F$11)))+(G42*(IF(G$11="",INDEX($P$3:$Q$6,MATCH($C$12,$P$3:$P$6,0),2),G$11)))+(H42*IF(H$11="",INDEX($P$3:$Q$6,MATCH($D$12,$P$3:$P$6,0),2),H$11))+(I42*IF(I$11="",INDEX($P$3:$Q$6,MATCH($E$12,$P$3:$P$6,0),2),I$11)))/SUM(F42:I42),"") | CE42: =IFERROR(((J42*(IF(J$11="",INDEX($P$3:$Q$6,MATCH($B$12,$P$3:$P$6,0),2),J$11)))+(K42*(IF(K$11="",INDEX($P$3:$Q$6,MATCH($C$12,$P$3:$P$6,0),2),K$11)))+(L42*IF(L$11="",INDEX($P$3:$Q$6,MATCH($D$12,$P$3:$P$6,0),2),L$11))+(M42*IF(M$11="",INDEX($P$3:$Q$6,MATCH($E$12,$P$3:$P$6,0),2),M$11)))/SUM(J42:M42),"") | CF42: =IFERROR(((N42*(IF(N$11="",INDEX($P$3:$Q$6,MATCH($B$12,$P$3:$P$6,0),2),N$11)))+(O42*(IF(O$11="",INDEX($P$3:$Q$6,MATCH($C$12,$P$3:$P$6,0),2),O$11)))+(P42*IF(P$11="",INDEX($P$3:$Q$6,MATCH($D$12,$P$3:$P$6,0),2),P$11))+(Q42*IF(Q$11="",INDEX($P$3:$Q$6,MATCH($E$12,$P$3:$P$6,0),2),Q$11)))/SUM(N42:Q42),"") | CG42: =IFERROR(((R42*(IF(R$11="",INDEX($P$3:$Q$6,MATCH($B$12,$P$3:$P$6,0),2),R$11)))+(S42*(IF(S$11="",INDEX($P$3:$Q$6,MATCH($C$12,$P$3:$P$6,0),2),S$11)))+(T42*IF(T$11="",INDEX($P$3:$Q$6,MATCH($D$12,$P$3:$P$6,0),2),T$11))+(U42*IF(U$11="",INDEX($P$3:$Q$6,MATCH($E$12,$P$3:$P$6,0),2),U$11)))/SUM(R42:U42),"") | CH42: =IFERROR(((V42*(IF(V$11="",INDEX($P$3:$Q$6,MATCH($B$12,$P$3:$P$6,0),2),V$11)))+(W42*(IF(W$11="",INDEX($P$3:$Q$6,MATCH($C$12,$P$3:$P$6,0),2),W$11)))+(X42*IF(X$11="",INDEX($P$3:$Q$6,MATCH($D$12,$P$3:$P$6,0),2),X$11))+(Y42*IF(Y$11="",INDEX($P$3:$Q$6,MATCH($E$12,$P$3:$P$6,0),2),Y$11)))/SUM(V42:Y42),"") | CI42: =IFERROR(((Z42*(IF(Z$11="",INDEX($P$3:$Q$6,MATCH($B$12,$P$3:$P$6,0),2),Z$11)))+(AA42*(IF(AA$11="",INDEX($P$3:$Q$6,MATCH($C$12,$P$3:$P$6,0),2),AA$11)))+(AB42*IF(AB$11="",INDEX($P$3:$Q$6,MATCH($D$12,$P$3:$P$6,0),2),AB$11))+(AC42*IF(AC$11="",INDEX($P$3:$Q$6,MATCH($E$12,$P$3:$P$6,0),2),AC$11)))/SUM(Z42:AC42),"") | CJ42: =IFERROR(((AD42*(IF(AD$11="",INDEX($P$3:$Q$6,MATCH($B$12,$P$3:$P$6,0),2),AD$11)))+(AE42*(IF(AE$11="",INDEX($P$3:$Q$6,MATCH($C$12,$P$3:$P$6,0),2),AE$11)))+(AF42*IF(AF$11="",INDEX($P$3:$Q$6,MATCH($D$12,$P$3:$P$6,0),2),AF$11))+(AG42*IF(AG$11="",INDEX($P$3:$Q$6,MATCH($E$12,$P$3:$P$6,0),2),L$11)))/SUM(AD42:AG42),"") | CK42: =IFERROR(((AH42*(IF(AH$11="",INDEX($P$3:$Q$6,MATCH($B$12,$P$3:$P$6,0),2),AH$11)))+(AI42*(IF(AI$11="",INDEX($P$3:$Q$6,MATCH($C$12,$P$3:$P$6,0),2),AI$11)))+(AJ42*IF(AJ$11="",INDEX($P$3:$Q$6,MATCH($D$12,$P$3:$P$6,0),2),AJ$11))+(AK42*IF(AK$11="",INDEX($P$3:$Q$6,MATCH($E$12,$P$3:$P$6,0),2),AK$11)))/SUM(AH42:AK42),"") | CL42: =IFERROR(((AL42*(IF(AL$11="",INDEX($P$3:$Q$6,MATCH($B$12,$P$3:$P$6,0),2),AL$11)))+(AM42*(IF(AM$11="",INDEX($P$3:$Q$6,MATCH($C$12,$P$3:$P$6,0),2),AM$11)))+(AN42*IF(AN$11="",INDEX($P$3:$Q$6,MATCH($D$12,$P$3:$P$6,0),2),AN$11))+(AO42*IF(AO$11="",INDEX($P$3:$Q$6,MATCH($E$12,$P$3:$P$6,0),2),AO$11)))/SUM(AL42:AO42),"") | CM42: =A42 | CN42: =IF(AND(SUM(INDIRECT("CC"&ROW(CC43) - $BI$4&":CC" & ROW(CC42)))=$BI$4,CM42<>""),"Sim","") | CO42: =IF(AND(SUM(INDIRECT("CD"&ROW(CD43) - $BI$4&":CD" & ROW(CD42)))=$BI$4,$CM42<>""),"Sim","") | CP42: =IF(AND(SUM(INDIRECT("CE"&ROW(CE43) - $BI$4&":CE" & ROW(CE42)))=$BI$4,$CM42<>""),"Sim","") | CQ42: =IF(AND(SUM(INDIRECT("CF"&ROW(CF43) - $BI$4&":CF" & ROW(CF42)))=$BI$4,$CM42<>""),"Sim","") | CR42: =IF(AND(SUM(INDIRECT("CG"&ROW(CG43) - $BI$4&":CG" & ROW(CG42)))=$BI$4,$CM42<>""),"Sim","") | CS42: =IF(AND(SUM(INDIRECT("CH"&ROW(CH43) - $BI$4&":CH" & ROW(CH42)))=$BI$4,$CM42<>""),"Sim","") | CT42: =IF(AND(SUM(INDIRECT("CI"&ROW(CI43) - $BI$4&":CI" & ROW(CI42)))=$BI$4,$CM42<>""),"Sim","") | CU42: =IF(AND(SUM(INDIRECT("CJ"&ROW(CJ43) - $BI$4&":CJ" & ROW(CJ42)))=$BI$4,$CM42<>""),"Sim","") | CV42: =IF(AND(SUM(INDIRECT("CK"&ROW(CK43) - $BI$4&":CK" & ROW(CK42)))=$BI$4,$CM42<>""),"Sim","") | CW42: =IF(AND(SUM(INDIRECT("CL"&ROW(CL43) - $BI$4&":CL" & ROW(CL42)))=$BI$4,$CM42<>""),"Sim","") | DU42: =A42 | DV42: =ABA!$A42 | DW42: =IF(DV42<>"",MONTH(DV42),"")
AP43: =IFERROR(AVERAGE(CC43,CD43,CE43,CF43,CG43,CH43,CI43,CJ43,CK43,CL43),"") | CB43: =A43 | CC43: =IFERROR(((B43*(IF(B$11="",INDEX($P$3:$Q$6,MATCH($B$12,$P$3:$P$6,0),2),B$11)))+(C43*(IF(C$11="",INDEX($P$3:$Q$6,MATCH($C$12,$P$3:$P$6,0),2),C$11)))+(D43*IF(D$11="",INDEX($P$3:$Q$6,MATCH($D$12,$P$3:$P$6,0),2),D$11))+(E43*IF(E$11="",INDEX($P$3:$Q$6,MATCH($E$12,$P$3:$P$6,0),2),E$11)))/SUM(B43:E43),"") | CD43: =IFERROR(((F43*(IF(F$11="",INDEX($P$3:$Q$6,MATCH($B$12,$P$3:$P$6,0),2),F$11)))+(G43*(IF(G$11="",INDEX($P$3:$Q$6,MATCH($C$12,$P$3:$P$6,0),2),G$11)))+(H43*IF(H$11="",INDEX($P$3:$Q$6,MATCH($D$12,$P$3:$P$6,0),2),H$11))+(I43*IF(I$11="",INDEX($P$3:$Q$6,MATCH($E$12,$P$3:$P$6,0),2),I$11)))/SUM(F43:I43),"") | CE43: =IFERROR(((J43*(IF(J$11="",INDEX($P$3:$Q$6,MATCH($B$12,$P$3:$P$6,0),2),J$11)))+(K43*(IF(K$11="",INDEX($P$3:$Q$6,MATCH($C$12,$P$3:$P$6,0),2),K$11)))+(L43*IF(L$11="",INDEX($P$3:$Q$6,MATCH($D$12,$P$3:$P$6,0),2),L$11))+(M43*IF(M$11="",INDEX($P$3:$Q$6,MATCH($E$12,$P$3:$P$6,0),2),M$11)))/SUM(J43:M43),"") | CF43: =IFERROR(((N43*(IF(N$11="",INDEX($P$3:$Q$6,MATCH($B$12,$P$3:$P$6,0),2),N$11)))+(O43*(IF(O$11="",INDEX($P$3:$Q$6,MATCH($C$12,$P$3:$P$6,0),2),O$11)))+(P43*IF(P$11="",INDEX($P$3:$Q$6,MATCH($D$12,$P$3:$P$6,0),2),P$11))+(Q43*IF(Q$11="",INDEX($P$3:$Q$6,MATCH($E$12,$P$3:$P$6,0),2),Q$11)))/SUM(N43:Q43),"") | CG43: =IFERROR(((R43*(IF(R$11="",INDEX($P$3:$Q$6,MATCH($B$12,$P$3:$P$6,0),2),R$11)))+(S43*(IF(S$11="",INDEX($P$3:$Q$6,MATCH($C$12,$P$3:$P$6,0),2),S$11)))+(T43*IF(T$11="",INDEX($P$3:$Q$6,MATCH($D$12,$P$3:$P$6,0),2),T$11))+(U43*IF(U$11="",INDEX($P$3:$Q$6,MATCH($E$12,$P$3:$P$6,0),2),U$11)))/SUM(R43:U43),"") | CH43: =IFERROR(((V43*(IF(V$11="",INDEX($P$3:$Q$6,MATCH($B$12,$P$3:$P$6,0),2),V$11)))+(W43*(IF(W$11="",INDEX($P$3:$Q$6,MATCH($C$12,$P$3:$P$6,0),2),W$11)))+(X43*IF(X$11="",INDEX($P$3:$Q$6,MATCH($D$12,$P$3:$P$6,0),2),X$11))+(Y43*IF(Y$11="",INDEX($P$3:$Q$6,MATCH($E$12,$P$3:$P$6,0),2),Y$11)))/SUM(V43:Y43),"") | CI43: =IFERROR(((Z43*(IF(Z$11="",INDEX($P$3:$Q$6,MATCH($B$12,$P$3:$P$6,0),2),Z$11)))+(AA43*(IF(AA$11="",INDEX($P$3:$Q$6,MATCH($C$12,$P$3:$P$6,0),2),AA$11)))+(AB43*IF(AB$11="",INDEX($P$3:$Q$6,MATCH($D$12,$P$3:$P$6,0),2),AB$11))+(AC43*IF(AC$11="",INDEX($P$3:$Q$6,MATCH($E$12,$P$3:$P$6,0),2),AC$11)))/SUM(Z43:AC43),"") | CJ43: =IFERROR(((AD43*(IF(AD$11="",INDEX($P$3:$Q$6,MATCH($B$12,$P$3:$P$6,0),2),AD$11)))+(AE43*(IF(AE$11="",INDEX($P$3:$Q$6,MATCH($C$12,$P$3:$P$6,0),2),AE$11)))+(AF43*IF(AF$11="",INDEX($P$3:$Q$6,MATCH($D$12,$P$3:$P$6,0),2),AF$11))+(AG43*IF(AG$11="",INDEX($P$3:$Q$6,MATCH($E$12,$P$3:$P$6,0),2),L$11)))/SUM(AD43:AG43),"") | CK43: =IFERROR(((AH43*(IF(AH$11="",INDEX($P$3:$Q$6,MATCH($B$12,$P$3:$P$6,0),2),AH$11)))+(AI43*(IF(AI$11="",INDEX($P$3:$Q$6,MATCH($C$12,$P$3:$P$6,0),2),AI$11)))+(AJ43*IF(AJ$11="",INDEX($P$3:$Q$6,MATCH($D$12,$P$3:$P$6,0),2),AJ$11))+(AK43*IF(AK$11="",INDEX($P$3:$Q$6,MATCH($E$12,$P$3:$P$6,0),2),AK$11)))/SUM(AH43:AK43),"") | CL43: =IFERROR(((AL43*(IF(AL$11="",INDEX($P$3:$Q$6,MATCH($B$12,$P$3:$P$6,0),2),AL$11)))+(AM43*(IF(AM$11="",INDEX($P$3:$Q$6,MATCH($C$12,$P$3:$P$6,0),2),AM$11)))+(AN43*IF(AN$11="",INDEX($P$3:$Q$6,MATCH($D$12,$P$3:$P$6,0),2),AN$11))+(AO43*IF(AO$11="",INDEX($P$3:$Q$6,MATCH($E$12,$P$3:$P$6,0),2),AO$11)))/SUM(AL43:AO43),"") | CM43: =A43 | CN43: =IF(AND(SUM(INDIRECT("CC"&ROW(CC44) - $BI$4&":CC" & ROW(CC43)))=$BI$4,CM43<>""),"Sim","") | CO43: =IF(AND(SUM(INDIRECT("CD"&ROW(CD44) - $BI$4&":CD" & ROW(CD43)))=$BI$4,$CM43<>""),"Sim","") | CP43: =IF(AND(SUM(INDIRECT("CE"&ROW(CE44) - $BI$4&":CE" & ROW(CE43)))=$BI$4,$CM43<>""),"Sim","") | CQ43: =IF(AND(SUM(INDIRECT("CF"&ROW(CF44) - $BI$4&":CF" & ROW(CF43)))=$BI$4,$CM43<>""),"Sim","") | CR43: =IF(AND(SUM(INDIRECT("CG"&ROW(CG44) - $BI$4&":CG" & ROW(CG43)))=$BI$4,$CM43<>""),"Sim","") | CS43: =IF(AND(SUM(INDIRECT("CH"&ROW(CH44) - $BI$4&":CH" & ROW(CH43)))=$BI$4,$CM43<>""),"Sim","") | CT43: =IF(AND(SUM(INDIRECT("CI"&ROW(CI44) - $BI$4&":CI" & ROW(CI43)))=$BI$4,$CM43<>""),"Sim","") | CU43: =IF(AND(SUM(INDIRECT("CJ"&ROW(CJ44) - $BI$4&":CJ" & ROW(CJ43)))=$BI$4,$CM43<>""),"Sim","") | CV43: =IF(AND(SUM(INDIRECT("CK"&ROW(CK44) - $BI$4&":CK" & ROW(CK43)))=$BI$4,$CM43<>""),"Sim","") | CW43: =IF(AND(SUM(INDIRECT("CL"&ROW(CL44) - $BI$4&":CL" & ROW(CL43)))=$BI$4,$CM43<>""),"Sim","") | DU43: =A43 | DV43: =ABA!$A43 | DW43: =IF(DV43<>"",MONTH(DV43),"")
AP44: =IFERROR(AVERAGE(CC44,CD44,CE44,CF44,CG44,CH44,CI44,CJ44,CK44,CL44),"") | CB44: =A44 | CC44: =IFERROR(((B44*(IF(B$11="",INDEX($P$3:$Q$6,MATCH($B$12,$P$3:$P$6,0),2),B$11)))+(C44*(IF(C$11="",INDEX($P$3:$Q$6,MATCH($C$12,$P$3:$P$6,0),2),C$11)))+(D44*IF(D$11="",INDEX($P$3:$Q$6,MATCH($D$12,$P$3:$P$6,0),2),D$11))+(E44*IF(E$11="",INDEX($P$3:$Q$6,MATCH($E$12,$P$3:$P$6,0),2),E$11)))/SUM(B44:E44),"") | CD44: =IFERROR(((F44*(IF(F$11="",INDEX($P$3:$Q$6,MATCH($B$12,$P$3:$P$6,0),2),F$11)))+(G44*(IF(G$11="",INDEX($P$3:$Q$6,MATCH($C$12,$P$3:$P$6,0),2),G$11)))+(H44*IF(H$11="",INDEX($P$3:$Q$6,MATCH($D$12,$P$3:$P$6,0),2),H$11))+(I44*IF(I$11="",INDEX($P$3:$Q$6,MATCH($E$12,$P$3:$P$6,0),2),I$11)))/SUM(F44:I44),"") | CE44: =IFERROR(((J44*(IF(J$11="",INDEX($P$3:$Q$6,MATCH($B$12,$P$3:$P$6,0),2),J$11)))+(K44*(IF(K$11="",INDEX($P$3:$Q$6,MATCH($C$12,$P$3:$P$6,0),2),K$11)))+(L44*IF(L$11="",INDEX($P$3:$Q$6,MATCH($D$12,$P$3:$P$6,0),2),L$11))+(M44*IF(M$11="",INDEX($P$3:$Q$6,MATCH($E$12,$P$3:$P$6,0),2),M$11)))/SUM(J44:M44),"") | CF44: =IFERROR(((N44*(IF(N$11="",INDEX($P$3:$Q$6,MATCH($B$12,$P$3:$P$6,0),2),N$11)))+(O44*(IF(O$11="",INDEX($P$3:$Q$6,MATCH($C$12,$P$3:$P$6,0),2),O$11)))+(P44*IF(P$11="",INDEX($P$3:$Q$6,MATCH($D$12,$P$3:$P$6,0),2),P$11))+(Q44*IF(Q$11="",INDEX($P$3:$Q$6,MATCH($E$12,$P$3:$P$6,0),2),Q$11)))/SUM(N44:Q44),"") | CG44: =IFERROR(((R44*(IF(R$11="",INDEX($P$3:$Q$6,MATCH($B$12,$P$3:$P$6,0),2),R$11)))+(S44*(IF(S$11="",INDEX($P$3:$Q$6,MATCH($C$12,$P$3:$P$6,0),2),S$11)))+(T44*IF(T$11="",INDEX($P$3:$Q$6,MATCH($D$12,$P$3:$P$6,0),2),T$11))+(U44*IF(U$11="",INDEX($P$3:$Q$6,MATCH($E$12,$P$3:$P$6,0),2),U$11)))/SUM(R44:U44),"") | CH44: =IFERROR(((V44*(IF(V$11="",INDEX($P$3:$Q$6,MATCH($B$12,$P$3:$P$6,0),2),V$11)))+(W44*(IF(W$11="",INDEX($P$3:$Q$6,MATCH($C$12,$P$3:$P$6,0),2),W$11)))+(X44*IF(X$11="",INDEX($P$3:$Q$6,MATCH($D$12,$P$3:$P$6,0),2),X$11))+(Y44*IF(Y$11="",INDEX($P$3:$Q$6,MATCH($E$12,$P$3:$P$6,0),2),Y$11)))/SUM(V44:Y44),"") | CI44: =IFERROR(((Z44*(IF(Z$11="",INDEX($P$3:$Q$6,MATCH($B$12,$P$3:$P$6,0),2),Z$11)))+(AA44*(IF(AA$11="",INDEX($P$3:$Q$6,MATCH($C$12,$P$3:$P$6,0),2),AA$11)))+(AB44*IF(AB$11="",INDEX($P$3:$Q$6,MATCH($D$12,$P$3:$P$6,0),2),AB$11))+(AC44*IF(AC$11="",INDEX($P$3:$Q$6,MATCH($E$12,$P$3:$P$6,0),2),AC$11)))/SUM(Z44:AC44),"") | CJ44: =IFERROR(((AD44*(IF(AD$11="",INDEX($P$3:$Q$6,MATCH($B$12,$P$3:$P$6,0),2),AD$11)))+(AE44*(IF(AE$11="",INDEX($P$3:$Q$6,MATCH($C$12,$P$3:$P$6,0),2),AE$11)))+(AF44*IF(AF$11="",INDEX($P$3:$Q$6,MATCH($D$12,$P$3:$P$6,0),2),AF$11))+(AG44*IF(AG$11="",INDEX($P$3:$Q$6,MATCH($E$12,$P$3:$P$6,0),2),L$11)))/SUM(AD44:AG44),"") | CK44: =IFERROR(((AH44*(IF(AH$11="",INDEX($P$3:$Q$6,MATCH($B$12,$P$3:$P$6,0),2),AH$11)))+(AI44*(IF(AI$11="",INDEX($P$3:$Q$6,MATCH($C$12,$P$3:$P$6,0),2),AI$11)))+(AJ44*IF(AJ$11="",INDEX($P$3:$Q$6,MATCH($D$12,$P$3:$P$6,0),2),AJ$11))+(AK44*IF(AK$11="",INDEX($P$3:$Q$6,MATCH($E$12,$P$3:$P$6,0),2),AK$11)))/SUM(AH44:AK44),"") | CL44: =IFERROR(((AL44*(IF(AL$11="",INDEX($P$3:$Q$6,MATCH($B$12,$P$3:$P$6,0),2),AL$11)))+(AM44*(IF(AM$11="",INDEX($P$3:$Q$6,MATCH($C$12,$P$3:$P$6,0),2),AM$11)))+(AN44*IF(AN$11="",INDEX($P$3:$Q$6,MATCH($D$12,$P$3:$P$6,0),2),AN$11))+(AO44*IF(AO$11="",INDEX($P$3:$Q$6,MATCH($E$12,$P$3:$P$6,0),2),AO$11)))/SUM(AL44:AO44),"") | CM44: =A44 | CN44: =IF(AND(SUM(INDIRECT("CC"&ROW(CC45) - $BI$4&":CC" & ROW(CC44)))=$BI$4,CM44<>""),"Sim","") | CO44: =IF(AND(SUM(INDIRECT("CD"&ROW(CD45) - $BI$4&":CD" & ROW(CD44)))=$BI$4,$CM44<>""),"Sim","") | CP44: =IF(AND(SUM(INDIRECT("CE"&ROW(CE45) - $BI$4&":CE" & ROW(CE44)))=$BI$4,$CM44<>""),"Sim","") | CQ44: =IF(AND(SUM(INDIRECT("CF"&ROW(CF45) - $BI$4&":CF" & ROW(CF44)))=$BI$4,$CM44<>""),"Sim","") | CR44: =IF(AND(SUM(INDIRECT("CG"&ROW(CG45) - $BI$4&":CG" & ROW(CG44)))=$BI$4,$CM44<>""),"Sim","") | CS44: =IF(AND(SUM(INDIRECT("CH"&ROW(CH45) - $BI$4&":CH" & ROW(CH44)))=$BI$4,$CM44<>""),"Sim","") | CT44: =IF(AND(SUM(INDIRECT("CI"&ROW(CI45) - $BI$4&":CI" & ROW(CI44)))=$BI$4,$CM44<>""),"Sim","") | CU44: =IF(AND(SUM(INDIRECT("CJ"&ROW(CJ45) - $BI$4&":CJ" & ROW(CJ44)))=$BI$4,$CM44<>""),"Sim","") | CV44: =IF(AND(SUM(INDIRECT("CK"&ROW(CK45) - $BI$4&":CK" & ROW(CK44)))=$BI$4,$CM44<>""),"Sim","") | CW44: =IF(AND(SUM(INDIRECT("CL"&ROW(CL45) - $BI$4&":CL" & ROW(CL44)))=$BI$4,$CM44<>""),"Sim","") | DU44: =A44 | DV44: =ABA!$A44 | DW44: =IF(DV44<>"",MONTH(DV44),"")
AP45: =IFERROR(AVERAGE(CC45,CD45,CE45,CF45,CG45,CH45,CI45,CJ45,CK45,CL45),"") | CB45: =A45 | CC45: =IFERROR(((B45*(IF(B$11="",INDEX($P$3:$Q$6,MATCH($B$12,$P$3:$P$6,0),2),B$11)))+(C45*(IF(C$11="",INDEX($P$3:$Q$6,MATCH($C$12,$P$3:$P$6,0),2),C$11)))+(D45*IF(D$11="",INDEX($P$3:$Q$6,MATCH($D$12,$P$3:$P$6,0),2),D$11))+(E45*IF(E$11="",INDEX($P$3:$Q$6,MATCH($E$12,$P$3:$P$6,0),2),E$11)))/SUM(B45:E45),"") | CD45: =IFERROR(((F45*(IF(F$11="",INDEX($P$3:$Q$6,MATCH($B$12,$P$3:$P$6,0),2),F$11)))+(G45*(IF(G$11="",INDEX($P$3:$Q$6,MATCH($C$12,$P$3:$P$6,0),2),G$11)))+(H45*IF(H$11="",INDEX($P$3:$Q$6,MATCH($D$12,$P$3:$P$6,0),2),H$11))+(I45*IF(I$11="",INDEX($P$3:$Q$6,MATCH($E$12,$P$3:$P$6,0),2),I$11)))/SUM(F45:I45),"") | CE45: =IFERROR(((J45*(IF(J$11="",INDEX($P$3:$Q$6,MATCH($B$12,$P$3:$P$6,0),2),J$11)))+(K45*(IF(K$11="",INDEX($P$3:$Q$6,MATCH($C$12,$P$3:$P$6,0),2),K$11)))+(L45*IF(L$11="",INDEX($P$3:$Q$6,MATCH($D$12,$P$3:$P$6,0),2),L$11))+(M45*IF(M$11="",INDEX($P$3:$Q$6,MATCH($E$12,$P$3:$P$6,0),2),M$11)))/SUM(J45:M45),"") | CF45: =IFERROR(((N45*(IF(N$11="",INDEX($P$3:$Q$6,MATCH($B$12,$P$3:$P$6,0),2),N$11)))+(O45*(IF(O$11="",INDEX($P$3:$Q$6,MATCH($C$12,$P$3:$P$6,0),2),O$11)))+(P45*IF(P$11="",INDEX($P$3:$Q$6,MATCH($D$12,$P$3:$P$6,0),2),P$11))+(Q45*IF(Q$11="",INDEX($P$3:$Q$6,MATCH($E$12,$P$3:$P$6,0),2),Q$11)))/SUM(N45:Q45),"") | CG45: =IFERROR(((R45*(IF(R$11="",INDEX($P$3:$Q$6,MATCH($B$12,$P$3:$P$6,0),2),R$11)))+(S45*(IF(S$11="",INDEX($P$3:$Q$6,MATCH($C$12,$P$3:$P$6,0),2),S$11)))+(T45*IF(T$11="",INDEX($P$3:$Q$6,MATCH($D$12,$P$3:$P$6,0),2),T$11))+(U45*IF(U$11="",INDEX($P$3:$Q$6,MATCH($E$12,$P$3:$P$6,0),2),U$11)))/SUM(R45:U45),"") | CH45: =IFERROR(((V45*(IF(V$11="",INDEX($P$3:$Q$6,MATCH($B$12,$P$3:$P$6,0),2),V$11)))+(W45*(IF(W$11="",INDEX($P$3:$Q$6,MATCH($C$12,$P$3:$P$6,0),2),W$11)))+(X45*IF(X$11="",INDEX($P$3:$Q$6,MATCH($D$12,$P$3:$P$6,0),2),X$11))+(Y45*IF(Y$11="",INDEX($P$3:$Q$6,MATCH($E$12,$P$3:$P$6,0),2),Y$11)))/SUM(V45:Y45),"") | CI45: =IFERROR(((Z45*(IF(Z$11="",INDEX($P$3:$Q$6,MATCH($B$12,$P$3:$P$6,0),2),Z$11)))+(AA45*(IF(AA$11="",INDEX($P$3:$Q$6,MATCH($C$12,$P$3:$P$6,0),2),AA$11)))+(AB45*IF(AB$11="",INDEX($P$3:$Q$6,MATCH($D$12,$P$3:$P$6,0),2),AB$11))+(AC45*IF(AC$11="",INDEX($P$3:$Q$6,MATCH($E$12,$P$3:$P$6,0),2),AC$11)))/SUM(Z45:AC45),"") | CJ45: =IFERROR(((AD45*(IF(AD$11="",INDEX($P$3:$Q$6,MATCH($B$12,$P$3:$P$6,0),2),AD$11)))+(AE45*(IF(AE$11="",INDEX($P$3:$Q$6,MATCH($C$12,$P$3:$P$6,0),2),AE$11)))+(AF45*IF(AF$11="",INDEX($P$3:$Q$6,MATCH($D$12,$P$3:$P$6,0),2),AF$11))+(AG45*IF(AG$11="",INDEX($P$3:$Q$6,MATCH($E$12,$P$3:$P$6,0),2),L$11)))/SUM(AD45:AG45),"") | CK45: =IFERROR(((AH45*(IF(AH$11="",INDEX($P$3:$Q$6,MATCH($B$12,$P$3:$P$6,0),2),AH$11)))+(AI45*(IF(AI$11="",INDEX($P$3:$Q$6,MATCH($C$12,$P$3:$P$6,0),2),AI$11)))+(AJ45*IF(AJ$11="",INDEX($P$3:$Q$6,MATCH($D$12,$P$3:$P$6,0),2),AJ$11))+(AK45*IF(AK$11="",INDEX($P$3:$Q$6,MATCH($E$12,$P$3:$P$6,0),2),AK$11)))/SUM(AH45:AK45),"") | CL45: =IFERROR(((AL45*(IF(AL$11="",INDEX($P$3:$Q$6,MATCH($B$12,$P$3:$P$6,0),2),AL$11)))+(AM45*(IF(AM$11="",INDEX($P$3:$Q$6,MATCH($C$12,$P$3:$P$6,0),2),AM$11)))+(AN45*IF(AN$11="",INDEX($P$3:$Q$6,MATCH($D$12,$P$3:$P$6,0),2),AN$11))+(AO45*IF(AO$11="",INDEX($P$3:$Q$6,MATCH($E$12,$P$3:$P$6,0),2),AO$11)))/SUM(AL45:AO45),"") | CM45: =A45 | CN45: =IF(AND(SUM(INDIRECT("CC"&ROW(CC46) - $BI$4&":CC" & ROW(CC45)))=$BI$4,CM45<>""),"Sim","") | CO45: =IF(AND(SUM(INDIRECT("CD"&ROW(CD46) - $BI$4&":CD" & ROW(CD45)))=$BI$4,$CM45<>""),"Sim","") | CP45: =IF(AND(SUM(INDIRECT("CE"&ROW(CE46) - $BI$4&":CE" & ROW(CE45)))=$BI$4,$CM45<>""),"Sim","") | CQ45: =IF(AND(SUM(INDIRECT("CF"&ROW(CF46) - $BI$4&":CF" & ROW(CF45)))=$BI$4,$CM45<>""),"Sim","") | CR45: =IF(AND(SUM(INDIRECT("CG"&ROW(CG46) - $BI$4&":CG" & ROW(CG45)))=$BI$4,$CM45<>""),"Sim","") | CS45: =IF(AND(SUM(INDIRECT("CH"&ROW(CH46) - $BI$4&":CH" & ROW(CH45)))=$BI$4,$CM45<>""),"Sim","") | CT45: =IF(AND(SUM(INDIRECT("CI"&ROW(CI46) - $BI$4&":CI" & ROW(CI45)))=$BI$4,$CM45<>""),"Sim","") | CU45: =IF(AND(SUM(INDIRECT("CJ"&ROW(CJ46) - $BI$4&":CJ" & ROW(CJ45)))=$BI$4,$CM45<>""),"Sim","") | CV45: =IF(AND(SUM(INDIRECT("CK"&ROW(CK46) - $BI$4&":CK" & ROW(CK45)))=$BI$4,$CM45<>""),"Sim","") | CW45: =IF(AND(SUM(INDIRECT("CL"&ROW(CL46) - $BI$4&":CL" & ROW(CL45)))=$BI$4,$CM45<>""),"Sim","") | DU45: =A45 | DV45: =ABA!$A45 | DW45: =IF(DV45<>"",MONTH(DV45),"")
AP46: =IFERROR(AVERAGE(CC46,CD46,CE46,CF46,CG46,CH46,CI46,CJ46,CK46,CL46),"") | CB46: =A46 | CC46: =IFERROR(((B46*(IF(B$11="",INDEX($P$3:$Q$6,MATCH($B$12,$P$3:$P$6,0),2),B$11)))+(C46*(IF(C$11="",INDEX($P$3:$Q$6,MATCH($C$12,$P$3:$P$6,0),2),C$11)))+(D46*IF(D$11="",INDEX($P$3:$Q$6,MATCH($D$12,$P$3:$P$6,0),2),D$11))+(E46*IF(E$11="",INDEX($P$3:$Q$6,MATCH($E$12,$P$3:$P$6,0),2),E$11)))/SUM(B46:E46),"") | CD46: =IFERROR(((F46*(IF(F$11="",INDEX($P$3:$Q$6,MATCH($B$12,$P$3:$P$6,0),2),F$11)))+(G46*(IF(G$11="",INDEX($P$3:$Q$6,MATCH($C$12,$P$3:$P$6,0),2),G$11)))+(H46*IF(H$11="",INDEX($P$3:$Q$6,MATCH($D$12,$P$3:$P$6,0),2),H$11))+(I46*IF(I$11="",INDEX($P$3:$Q$6,MATCH($E$12,$P$3:$P$6,0),2),I$11)))/SUM(F46:I46),"") | CE46: =IFERROR(((J46*(IF(J$11="",INDEX($P$3:$Q$6,MATCH($B$12,$P$3:$P$6,0),2),J$11)))+(K46*(IF(K$11="",INDEX($P$3:$Q$6,MATCH($C$12,$P$3:$P$6,0),2),K$11)))+(L46*IF(L$11="",INDEX($P$3:$Q$6,MATCH($D$12,$P$3:$P$6,0),2),L$11))+(M46*IF(M$11="",INDEX($P$3:$Q$6,MATCH($E$12,$P$3:$P$6,0),2),M$11)))/SUM(J46:M46),"") | CF46: =IFERROR(((N46*(IF(N$11="",INDEX($P$3:$Q$6,MATCH($B$12,$P$3:$P$6,0),2),N$11)))+(O46*(IF(O$11="",INDEX($P$3:$Q$6,MATCH($C$12,$P$3:$P$6,0),2),O$11)))+(P46*IF(P$11="",INDEX($P$3:$Q$6,MATCH($D$12,$P$3:$P$6,0),2),P$11))+(Q46*IF(Q$11="",INDEX($P$3:$Q$6,MATCH($E$12,$P$3:$P$6,0),2),Q$11)))/SUM(N46:Q46),"") | CG46: =IFERROR(((R46*(IF(R$11="",INDEX($P$3:$Q$6,MATCH($B$12,$P$3:$P$6,0),2),R$11)))+(S46*(IF(S$11="",INDEX($P$3:$Q$6,MATCH($C$12,$P$3:$P$6,0),2),S$11)))+(T46*IF(T$11="",INDEX($P$3:$Q$6,MATCH($D$12,$P$3:$P$6,0),2),T$11))+(U46*IF(U$11="",INDEX($P$3:$Q$6,MATCH($E$12,$P$3:$P$6,0),2),U$11)))/SUM(R46:U46),"") | CH46: =IFERROR(((V46*(IF(V$11="",INDEX($P$3:$Q$6,MATCH($B$12,$P$3:$P$6,0),2),V$11)))+(W46*(IF(W$11="",INDEX($P$3:$Q$6,MATCH($C$12,$P$3:$P$6,0),2),W$11)))+(X46*IF(X$11="",INDEX($P$3:$Q$6,MATCH($D$12,$P$3:$P$6,0),2),X$11))+(Y46*IF(Y$11="",INDEX($P$3:$Q$6,MATCH($E$12,$P$3:$P$6,0),2),Y$11)))/SUM(V46:Y46),"") | CI46: =IFERROR(((Z46*(IF(Z$11="",INDEX($P$3:$Q$6,MATCH($B$12,$P$3:$P$6,0),2),Z$11)))+(AA46*(IF(AA$11="",INDEX($P$3:$Q$6,MATCH($C$12,$P$3:$P$6,0),2),AA$11)))+(AB46*IF(AB$11="",INDEX($P$3:$Q$6,MATCH($D$12,$P$3:$P$6,0),2),AB$11))+(AC46*IF(AC$11="",INDEX($P$3:$Q$6,MATCH($E$12,$P$3:$P$6,0),2),AC$11)))/SUM(Z46:AC46),"") | CJ46: =IFERROR(((AD46*(IF(AD$11="",INDEX($P$3:$Q$6,MATCH($B$12,$P$3:$P$6,0),2),AD$11)))+(AE46*(IF(AE$11="",INDEX($P$3:$Q$6,MATCH($C$12,$P$3:$P$6,0),2),AE$11)))+(AF46*IF(AF$11="",INDEX($P$3:$Q$6,MATCH($D$12,$P$3:$P$6,0),2),AF$11))+(AG46*IF(AG$11="",INDEX($P$3:$Q$6,MATCH($E$12,$P$3:$P$6,0),2),L$11)))/SUM(AD46:AG46),"") | CK46: =IFERROR(((AH46*(IF(AH$11="",INDEX($P$3:$Q$6,MATCH($B$12,$P$3:$P$6,0),2),AH$11)))+(AI46*(IF(AI$11="",INDEX($P$3:$Q$6,MATCH($C$12,$P$3:$P$6,0),2),AI$11)))+(AJ46*IF(AJ$11="",INDEX($P$3:$Q$6,MATCH($D$12,$P$3:$P$6,0),2),AJ$11))+(AK46*IF(AK$11="",INDEX($P$3:$Q$6,MATCH($E$12,$P$3:$P$6,0),2),AK$11)))/SUM(AH46:AK46),"") | CL46: =IFERROR(((AL46*(IF(AL$11="",INDEX($P$3:$Q$6,MATCH($B$12,$P$3:$P$6,0),2),AL$11)))+(AM46*(IF(AM$11="",INDEX($P$3:$Q$6,MATCH($C$12,$P$3:$P$6,0),2),AM$11)))+(AN46*IF(AN$11="",INDEX($P$3:$Q$6,MATCH($D$12,$P$3:$P$6,0),2),AN$11))+(AO46*IF(AO$11="",INDEX($P$3:$Q$6,MATCH($E$12,$P$3:$P$6,0),2),AO$11)))/SUM(AL46:AO46),"") | CM46: =A46 | CN46: =IF(AND(SUM(INDIRECT("CC"&ROW(CC47) - $BI$4&":CC" & ROW(CC46)))=$BI$4,CM46<>""),"Sim","") | CO46: =IF(AND(SUM(INDIRECT("CD"&ROW(CD47) - $BI$4&":CD" & ROW(CD46)))=$BI$4,$CM46<>""),"Sim","") | CP46: =IF(AND(SUM(INDIRECT("CE"&ROW(CE47) - $BI$4&":CE" & ROW(CE46)))=$BI$4,$CM46<>""),"Sim","") | CQ46: =IF(AND(SUM(INDIRECT("CF"&ROW(CF47) - $BI$4&":CF" & ROW(CF46)))=$BI$4,$CM46<>""),"Sim","") | CR46: =IF(AND(SUM(INDIRECT("CG"&ROW(CG47) - $BI$4&":CG" & ROW(CG46)))=$BI$4,$CM46<>""),"Sim","") | CS46: =IF(AND(SUM(INDIRECT("CH"&ROW(CH47) - $BI$4&":CH" & ROW(CH46)))=$BI$4,$CM46<>""),"Sim","") | CT46: =IF(AND(SUM(INDIRECT("CI"&ROW(CI47) - $BI$4&":CI" & ROW(CI46)))=$BI$4,$CM46<>""),"Sim","") | CU46: =IF(AND(SUM(INDIRECT("CJ"&ROW(CJ47) - $BI$4&":CJ" & ROW(CJ46)))=$BI$4,$CM46<>""),"Sim","") | CV46: =IF(AND(SUM(INDIRECT("CK"&ROW(CK47) - $BI$4&":CK" & ROW(CK46)))=$BI$4,$CM46<>""),"Sim","") | CW46: =IF(AND(SUM(INDIRECT("CL"&ROW(CL47) - $BI$4&":CL" & ROW(CL46)))=$BI$4,$CM46<>""),"Sim","") | DU46: =A46 | DV46: =ABA!$A46 | DW46: =IF(DV46<>"",MONTH(DV46),"")
AP47: =IFERROR(AVERAGE(CC47,CD47,CE47,CF47,CG47,CH47,CI47,CJ47,CK47,CL47),"") | CB47: =A47 | CC47: =IFERROR(((B47*(IF(B$11="",INDEX($P$3:$Q$6,MATCH($B$12,$P$3:$P$6,0),2),B$11)))+(C47*(IF(C$11="",INDEX($P$3:$Q$6,MATCH($C$12,$P$3:$P$6,0),2),C$11)))+(D47*IF(D$11="",INDEX($P$3:$Q$6,MATCH($D$12,$P$3:$P$6,0),2),D$11))+(E47*IF(E$11="",INDEX($P$3:$Q$6,MATCH($E$12,$P$3:$P$6,0),2),E$11)))/SUM(B47:E47),"") | CD47: =IFERROR(((F47*(IF(F$11="",INDEX($P$3:$Q$6,MATCH($B$12,$P$3:$P$6,0),2),F$11)))+(G47*(IF(G$11="",INDEX($P$3:$Q$6,MATCH($C$12,$P$3:$P$6,0),2),G$11)))+(H47*IF(H$11="",INDEX($P$3:$Q$6,MATCH($D$12,$P$3:$P$6,0),2),H$11))+(I47*IF(I$11="",INDEX($P$3:$Q$6,MATCH($E$12,$P$3:$P$6,0),2),I$11)))/SUM(F47:I47),"") | CE47: =IFERROR(((J47*(IF(J$11="",INDEX($P$3:$Q$6,MATCH($B$12,$P$3:$P$6,0),2),J$11)))+(K47*(IF(K$11="",INDEX($P$3:$Q$6,MATCH($C$12,$P$3:$P$6,0),2),K$11)))+(L47*IF(L$11="",INDEX($P$3:$Q$6,MATCH($D$12,$P$3:$P$6,0),2),L$11))+(M47*IF(M$11="",INDEX($P$3:$Q$6,MATCH($E$12,$P$3:$P$6,0),2),M$11)))/SUM(J47:M47),"") | CF47: =IFERROR(((N47*(IF(N$11="",INDEX($P$3:$Q$6,MATCH($B$12,$P$3:$P$6,0),2),N$11)))+(O47*(IF(O$11="",INDEX($P$3:$Q$6,MATCH($C$12,$P$3:$P$6,0),2),O$11)))+(P47*IF(P$11="",INDEX($P$3:$Q$6,MATCH($D$12,$P$3:$P$6,0),2),P$11))+(Q47*IF(Q$11="",INDEX($P$3:$Q$6,MATCH($E$12,$P$3:$P$6,0),2),Q$11)))/SUM(N47:Q47),"") | CG47: =IFERROR(((R47*(IF(R$11="",INDEX($P$3:$Q$6,MATCH($B$12,$P$3:$P$6,0),2),R$11)))+(S47*(IF(S$11="",INDEX($P$3:$Q$6,MATCH($C$12,$P$3:$P$6,0),2),S$11)))+(T47*IF(T$11="",INDEX($P$3:$Q$6,MATCH($D$12,$P$3:$P$6,0),2),T$11))+(U47*IF(U$11="",INDEX($P$3:$Q$6,MATCH($E$12,$P$3:$P$6,0),2),U$11)))/SUM(R47:U47),"") | CH47: =IFERROR(((V47*(IF(V$11="",INDEX($P$3:$Q$6,MATCH($B$12,$P$3:$P$6,0),2),V$11)))+(W47*(IF(W$11="",INDEX($P$3:$Q$6,MATCH($C$12,$P$3:$P$6,0),2),W$11)))+(X47*IF(X$11="",INDEX($P$3:$Q$6,MATCH($D$12,$P$3:$P$6,0),2),X$11))+(Y47*IF(Y$11="",INDEX($P$3:$Q$6,MATCH($E$12,$P$3:$P$6,0),2),Y$11)))/SUM(V47:Y47),"") | CI47: =IFERROR(((Z47*(IF(Z$11="",INDEX($P$3:$Q$6,MATCH($B$12,$P$3:$P$6,0),2),Z$11)))+(AA47*(IF(AA$11="",INDEX($P$3:$Q$6,MATCH($C$12,$P$3:$P$6,0),2),AA$11)))+(AB47*IF(AB$11="",INDEX($P$3:$Q$6,MATCH($D$12,$P$3:$P$6,0),2),AB$11))+(AC47*IF(AC$11="",INDEX($P$3:$Q$6,MATCH($E$12,$P$3:$P$6,0),2),AC$11)))/SUM(Z47:AC47),"") | CJ47: =IFERROR(((AD47*(IF(AD$11="",INDEX($P$3:$Q$6,MATCH($B$12,$P$3:$P$6,0),2),AD$11)))+(AE47*(IF(AE$11="",INDEX($P$3:$Q$6,MATCH($C$12,$P$3:$P$6,0),2),AE$11)))+(AF47*IF(AF$11="",INDEX($P$3:$Q$6,MATCH($D$12,$P$3:$P$6,0),2),AF$11))+(AG47*IF(AG$11="",INDEX($P$3:$Q$6,MATCH($E$12,$P$3:$P$6,0),2),L$11)))/SUM(AD47:AG47),"") | CK47: =IFERROR(((AH47*(IF(AH$11="",INDEX($P$3:$Q$6,MATCH($B$12,$P$3:$P$6,0),2),AH$11)))+(AI47*(IF(AI$11="",INDEX($P$3:$Q$6,MATCH($C$12,$P$3:$P$6,0),2),AI$11)))+(AJ47*IF(AJ$11="",INDEX($P$3:$Q$6,MATCH($D$12,$P$3:$P$6,0),2),AJ$11))+(AK47*IF(AK$11="",INDEX($P$3:$Q$6,MATCH($E$12,$P$3:$P$6,0),2),AK$11)))/SUM(AH47:AK47),"") | CL47: =IFERROR(((AL47*(IF(AL$11="",INDEX($P$3:$Q$6,MATCH($B$12,$P$3:$P$6,0),2),AL$11)))+(AM47*(IF(AM$11="",INDEX($P$3:$Q$6,MATCH($C$12,$P$3:$P$6,0),2),AM$11)))+(AN47*IF(AN$11="",INDEX($P$3:$Q$6,MATCH($D$12,$P$3:$P$6,0),2),AN$11))+(AO47*IF(AO$11="",INDEX($P$3:$Q$6,MATCH($E$12,$P$3:$P$6,0),2),AO$11)))/SUM(AL47:AO47),"") | CM47: =A47 | CN47: =IF(AND(SUM(INDIRECT("CC"&ROW(CC48) - $BI$4&":CC" & ROW(CC47)))=$BI$4,CM47<>""),"Sim","") | CO47: =IF(AND(SUM(INDIRECT("CD"&ROW(CD48) - $BI$4&":CD" & ROW(CD47)))=$BI$4,$CM47<>""),"Sim","") | CP47: =IF(AND(SUM(INDIRECT("CE"&ROW(CE48) - $BI$4&":CE" & ROW(CE47)))=$BI$4,$CM47<>""),"Sim","") | CQ47: =IF(AND(SUM(INDIRECT("CF"&ROW(CF48) - $BI$4&":CF" & ROW(CF47)))=$BI$4,$CM47<>""),"Sim","") | CR47: =IF(AND(SUM(INDIRECT("CG"&ROW(CG48) - $BI$4&":CG" & ROW(CG47)))=$BI$4,$CM47<>""),"Sim","") | CS47: =IF(AND(SUM(INDIRECT("CH"&ROW(CH48) - $BI$4&":CH" & ROW(CH47)))=$BI$4,$CM47<>""),"Sim","") | CT47: =IF(AND(SUM(INDIRECT("CI"&ROW(CI48) - $BI$4&":CI" & ROW(CI47)))=$BI$4,$CM47<>""),"Sim","") | CU47: =IF(AND(SUM(INDIRECT("CJ"&ROW(CJ48) - $BI$4&":CJ" & ROW(CJ47)))=$BI$4,$CM47<>""),"Sim","") | CV47: =IF(AND(SUM(INDIRECT("CK"&ROW(CK48) - $BI$4&":CK" & ROW(CK47)))=$BI$4,$CM47<>""),"Sim","") | CW47: =IF(AND(SUM(INDIRECT("CL"&ROW(CL48) - $BI$4&":CL" & ROW(CL47)))=$BI$4,$CM47<>""),"Sim","") | DU47: =A47 | DV47: =ABA!$A47 | DW47: =IF(DV47<>"",MONTH(DV47),"")
AP48: =IFERROR(AVERAGE(CC48,CD48,CE48,CF48,CG48,CH48,CI48,CJ48,CK48,CL48),"") | CB48: =A48 | CC48: =IFERROR(((B48*(IF(B$11="",INDEX($P$3:$Q$6,MATCH($B$12,$P$3:$P$6,0),2),B$11)))+(C48*(IF(C$11="",INDEX($P$3:$Q$6,MATCH($C$12,$P$3:$P$6,0),2),C$11)))+(D48*IF(D$11="",INDEX($P$3:$Q$6,MATCH($D$12,$P$3:$P$6,0),2),D$11))+(E48*IF(E$11="",INDEX($P$3:$Q$6,MATCH($E$12,$P$3:$P$6,0),2),E$11)))/SUM(B48:E48),"") | CD48: =IFERROR(((F48*(IF(F$11="",INDEX($P$3:$Q$6,MATCH($B$12,$P$3:$P$6,0),2),F$11)))+(G48*(IF(G$11="",INDEX($P$3:$Q$6,MATCH($C$12,$P$3:$P$6,0),2),G$11)))+(H48*IF(H$11="",INDEX($P$3:$Q$6,MATCH($D$12,$P$3:$P$6,0),2),H$11))+(I48*IF(I$11="",INDEX($P$3:$Q$6,MATCH($E$12,$P$3:$P$6,0),2),I$11)))/SUM(F48:I48),"") | CE48: =IFERROR(((J48*(IF(J$11="",INDEX($P$3:$Q$6,MATCH($B$12,$P$3:$P$6,0),2),J$11)))+(K48*(IF(K$11="",INDEX($P$3:$Q$6,MATCH($C$12,$P$3:$P$6,0),2),K$11)))+(L48*IF(L$11="",INDEX($P$3:$Q$6,MATCH($D$12,$P$3:$P$6,0),2),L$11))+(M48*IF(M$11="",INDEX($P$3:$Q$6,MATCH($E$12,$P$3:$P$6,0),2),M$11)))/SUM(J48:M48),"") | CF48: =IFERROR(((N48*(IF(N$11="",INDEX($P$3:$Q$6,MATCH($B$12,$P$3:$P$6,0),2),N$11)))+(O48*(IF(O$11="",INDEX($P$3:$Q$6,MATCH($C$12,$P$3:$P$6,0),2),O$11)))+(P48*IF(P$11="",INDEX($P$3:$Q$6,MATCH($D$12,$P$3:$P$6,0),2),P$11))+(Q48*IF(Q$11="",INDEX($P$3:$Q$6,MATCH($E$12,$P$3:$P$6,0),2),Q$11)))/SUM(N48:Q48),"") | CG48: =IFERROR(((R48*(IF(R$11="",INDEX($P$3:$Q$6,MATCH($B$12,$P$3:$P$6,0),2),R$11)))+(S48*(IF(S$11="",INDEX($P$3:$Q$6,MATCH($C$12,$P$3:$P$6,0),2),S$11)))+(T48*IF(T$11="",INDEX($P$3:$Q$6,MATCH($D$12,$P$3:$P$6,0),2),T$11))+(U48*IF(U$11="",INDEX($P$3:$Q$6,MATCH($E$12,$P$3:$P$6,0),2),U$11)))/SUM(R48:U48),"") | CH48: =IFERROR(((V48*(IF(V$11="",INDEX($P$3:$Q$6,MATCH($B$12,$P$3:$P$6,0),2),V$11)))+(W48*(IF(W$11="",INDEX($P$3:$Q$6,MATCH($C$12,$P$3:$P$6,0),2),W$11)))+(X48*IF(X$11="",INDEX($P$3:$Q$6,MATCH($D$12,$P$3:$P$6,0),2),X$11))+(Y48*IF(Y$11="",INDEX($P$3:$Q$6,MATCH($E$12,$P$3:$P$6,0),2),Y$11)))/SUM(V48:Y48),"") | CI48: =IFERROR(((Z48*(IF(Z$11="",INDEX($P$3:$Q$6,MATCH($B$12,$P$3:$P$6,0),2),Z$11)))+(AA48*(IF(AA$11="",INDEX($P$3:$Q$6,MATCH($C$12,$P$3:$P$6,0),2),AA$11)))+(AB48*IF(AB$11="",INDEX($P$3:$Q$6,MATCH($D$12,$P$3:$P$6,0),2),AB$11))+(AC48*IF(AC$11="",INDEX($P$3:$Q$6,MATCH($E$12,$P$3:$P$6,0),2),AC$11)))/SUM(Z48:AC48),"") | CJ48: =IFERROR(((AD48*(IF(AD$11="",INDEX($P$3:$Q$6,MATCH($B$12,$P$3:$P$6,0),2),AD$11)))+(AE48*(IF(AE$11="",INDEX($P$3:$Q$6,MATCH($C$12,$P$3:$P$6,0),2),AE$11)))+(AF48*IF(AF$11="",INDEX($P$3:$Q$6,MATCH($D$12,$P$3:$P$6,0),2),AF$11))+(AG48*IF(AG$11="",INDEX($P$3:$Q$6,MATCH($E$12,$P$3:$P$6,0),2),L$11)))/SUM(AD48:AG48),"") | CK48: =IFERROR(((AH48*(IF(AH$11="",INDEX($P$3:$Q$6,MATCH($B$12,$P$3:$P$6,0),2),AH$11)))+(AI48*(IF(AI$11="",INDEX($P$3:$Q$6,MATCH($C$12,$P$3:$P$6,0),2),AI$11)))+(AJ48*IF(AJ$11="",INDEX($P$3:$Q$6,MATCH($D$12,$P$3:$P$6,0),2),AJ$11))+(AK48*IF(AK$11="",INDEX($P$3:$Q$6,MATCH($E$12,$P$3:$P$6,0),2),AK$11)))/SUM(AH48:AK48),"") | CL48: =IFERROR(((AL48*(IF(AL$11="",INDEX($P$3:$Q$6,MATCH($B$12,$P$3:$P$6,0),2),AL$11)))+(AM48*(IF(AM$11="",INDEX($P$3:$Q$6,MATCH($C$12,$P$3:$P$6,0),2),AM$11)))+(AN48*IF(AN$11="",INDEX($P$3:$Q$6,MATCH($D$12,$P$3:$P$6,0),2),AN$11))+(AO48*IF(AO$11="",INDEX($P$3:$Q$6,MATCH($E$12,$P$3:$P$6,0),2),AO$11)))/SUM(AL48:AO48),"") | CM48: =A48 | CN48: =IF(AND(SUM(INDIRECT("CC"&ROW(CC49) - $BI$4&":CC" & ROW(CC48)))=$BI$4,CM48<>""),"Sim","") | CO48: =IF(AND(SUM(INDIRECT("CD"&ROW(CD49) - $BI$4&":CD" & ROW(CD48)))=$BI$4,$CM48<>""),"Sim","") | CP48: =IF(AND(SUM(INDIRECT("CE"&ROW(CE49) - $BI$4&":CE" & ROW(CE48)))=$BI$4,$CM48<>""),"Sim","") | CQ48: =IF(AND(SUM(INDIRECT("CF"&ROW(CF49) - $BI$4&":CF" & ROW(CF48)))=$BI$4,$CM48<>""),"Sim","") | CR48: =IF(AND(SUM(INDIRECT("CG"&ROW(CG49) - $BI$4&":CG" & ROW(CG48)))=$BI$4,$CM48<>""),"Sim","") | CS48: =IF(AND(SUM(INDIRECT("CH"&ROW(CH49) - $BI$4&":CH" & ROW(CH48)))=$BI$4,$CM48<>""),"Sim","") | CT48: =IF(AND(SUM(INDIRECT("CI"&ROW(CI49) - $BI$4&":CI" & ROW(CI48)))=$BI$4,$CM48<>""),"Sim","") | CU48: =IF(AND(SUM(INDIRECT("CJ"&ROW(CJ49) - $BI$4&":CJ" & ROW(CJ48)))=$BI$4,$CM48<>""),"Sim","") | CV48: =IF(AND(SUM(INDIRECT("CK"&ROW(CK49) - $BI$4&":CK" & ROW(CK48)))=$BI$4,$CM48<>""),"Sim","") | CW48: =IF(AND(SUM(INDIRECT("CL"&ROW(CL49) - $BI$4&":CL" & ROW(CL48)))=$BI$4,$CM48<>""),"Sim","") | DU48: =A48 | DV48: =ABA!$A48 | DW48: =IF(DV48<>"",MONTH(DV48),"")
AP49: =IFERROR(AVERAGE(CC49,CD49,CE49,CF49,CG49,CH49,CI49,CJ49,CK49,CL49),"") | CB49: =A49 | CC49: =IFERROR(((B49*(IF(B$11="",INDEX($P$3:$Q$6,MATCH($B$12,$P$3:$P$6,0),2),B$11)))+(C49*(IF(C$11="",INDEX($P$3:$Q$6,MATCH($C$12,$P$3:$P$6,0),2),C$11)))+(D49*IF(D$11="",INDEX($P$3:$Q$6,MATCH($D$12,$P$3:$P$6,0),2),D$11))+(E49*IF(E$11="",INDEX($P$3:$Q$6,MATCH($E$12,$P$3:$P$6,0),2),E$11)))/SUM(B49:E49),"") | CD49: =IFERROR(((F49*(IF(F$11="",INDEX($P$3:$Q$6,MATCH($B$12,$P$3:$P$6,0),2),F$11)))+(G49*(IF(G$11="",INDEX($P$3:$Q$6,MATCH($C$12,$P$3:$P$6,0),2),G$11)))+(H49*IF(H$11="",INDEX($P$3:$Q$6,MATCH($D$12,$P$3:$P$6,0),2),H$11))+(I49*IF(I$11="",INDEX($P$3:$Q$6,MATCH($E$12,$P$3:$P$6,0),2),I$11)))/SUM(F49:I49),"") | CE49: =IFERROR(((J49*(IF(J$11="",INDEX($P$3:$Q$6,MATCH($B$12,$P$3:$P$6,0),2),J$11)))+(K49*(IF(K$11="",INDEX($P$3:$Q$6,MATCH($C$12,$P$3:$P$6,0),2),K$11)))+(L49*IF(L$11="",INDEX($P$3:$Q$6,MATCH($D$12,$P$3:$P$6,0),2),L$11))+(M49*IF(M$11="",INDEX($P$3:$Q$6,MATCH($E$12,$P$3:$P$6,0),2),M$11)))/SUM(J49:M49),"") | CF49: =IFERROR(((N49*(IF(N$11="",INDEX($P$3:$Q$6,MATCH($B$12,$P$3:$P$6,0),2),N$11)))+(O49*(IF(O$11="",INDEX($P$3:$Q$6,MATCH($C$12,$P$3:$P$6,0),2),O$11)))+(P49*IF(P$11="",INDEX($P$3:$Q$6,MATCH($D$12,$P$3:$P$6,0),2),P$11))+(Q49*IF(Q$11="",INDEX($P$3:$Q$6,MATCH($E$12,$P$3:$P$6,0),2),Q$11)))/SUM(N49:Q49),"") | CG49: =IFERROR(((R49*(IF(R$11="",INDEX($P$3:$Q$6,MATCH($B$12,$P$3:$P$6,0),2),R$11)))+(S49*(IF(S$11="",INDEX($P$3:$Q$6,MATCH($C$12,$P$3:$P$6,0),2),S$11)))+(T49*IF(T$11="",INDEX($P$3:$Q$6,MATCH($D$12,$P$3:$P$6,0),2),T$11))+(U49*IF(U$11="",INDEX($P$3:$Q$6,MATCH($E$12,$P$3:$P$6,0),2),U$11)))/SUM(R49:U49),"") | CH49: =IFERROR(((V49*(IF(V$11="",INDEX($P$3:$Q$6,MATCH($B$12,$P$3:$P$6,0),2),V$11)))+(W49*(IF(W$11="",INDEX($P$3:$Q$6,MATCH($C$12,$P$3:$P$6,0),2),W$11)))+(X49*IF(X$11="",INDEX($P$3:$Q$6,MATCH($D$12,$P$3:$P$6,0),2),X$11))+(Y49*IF(Y$11="",INDEX($P$3:$Q$6,MATCH($E$12,$P$3:$P$6,0),2),Y$11)))/SUM(V49:Y49),"") | CI49: =IFERROR(((Z49*(IF(Z$11="",INDEX($P$3:$Q$6,MATCH($B$12,$P$3:$P$6,0),2),Z$11)))+(AA49*(IF(AA$11="",INDEX($P$3:$Q$6,MATCH($C$12,$P$3:$P$6,0),2),AA$11)))+(AB49*IF(AB$11="",INDEX($P$3:$Q$6,MATCH($D$12,$P$3:$P$6,0),2),AB$11))+(AC49*IF(AC$11="",INDEX($P$3:$Q$6,MATCH($E$12,$P$3:$P$6,0),2),AC$11)))/SUM(Z49:AC49),"") | CJ49: =IFERROR(((AD49*(IF(AD$11="",INDEX($P$3:$Q$6,MATCH($B$12,$P$3:$P$6,0),2),AD$11)))+(AE49*(IF(AE$11="",INDEX($P$3:$Q$6,MATCH($C$12,$P$3:$P$6,0),2),AE$11)))+(AF49*IF(AF$11="",INDEX($P$3:$Q$6,MATCH($D$12,$P$3:$P$6,0),2),AF$11))+(AG49*IF(AG$11="",INDEX($P$3:$Q$6,MATCH($E$12,$P$3:$P$6,0),2),L$11)))/SUM(AD49:AG49),"") | CK49: =IFERROR(((AH49*(IF(AH$11="",INDEX($P$3:$Q$6,MATCH($B$12,$P$3:$P$6,0),2),AH$11)))+(AI49*(IF(AI$11="",INDEX($P$3:$Q$6,MATCH($C$12,$P$3:$P$6,0),2),AI$11)))+(AJ49*IF(AJ$11="",INDEX($P$3:$Q$6,MATCH($D$12,$P$3:$P$6,0),2),AJ$11))+(AK49*IF(AK$11="",INDEX($P$3:$Q$6,MATCH($E$12,$P$3:$P$6,0),2),AK$11)))/SUM(AH49:AK49),"") | CL49: =IFERROR(((AL49*(IF(AL$11="",INDEX($P$3:$Q$6,MATCH($B$12,$P$3:$P$6,0),2),AL$11)))+(AM49*(IF(AM$11="",INDEX($P$3:$Q$6,MATCH($C$12,$P$3:$P$6,0),2),AM$11)))+(AN49*IF(AN$11="",INDEX($P$3:$Q$6,MATCH($D$12,$P$3:$P$6,0),2),AN$11))+(AO49*IF(AO$11="",INDEX($P$3:$Q$6,MATCH($E$12,$P$3:$P$6,0),2),AO$11)))/SUM(AL49:AO49),"") | CM49: =A49 | CN49: =IF(AND(SUM(INDIRECT("CC"&ROW(CC50) - $BI$4&":CC" & ROW(CC49)))=$BI$4,CM49<>""),"Sim","") | CO49: =IF(AND(SUM(INDIRECT("CD"&ROW(CD50) - $BI$4&":CD" & ROW(CD49)))=$BI$4,$CM49<>""),"Sim","") | CP49: =IF(AND(SUM(INDIRECT("CE"&ROW(CE50) - $BI$4&":CE" & ROW(CE49)))=$BI$4,$CM49<>""),"Sim","") | CQ49: =IF(AND(SUM(INDIRECT("CF"&ROW(CF50) - $BI$4&":CF" & ROW(CF49)))=$BI$4,$CM49<>""),"Sim","") | CR49: =IF(AND(SUM(INDIRECT("CG"&ROW(CG50) - $BI$4&":CG" & ROW(CG49)))=$BI$4,$CM49<>""),"Sim","") | CS49: =IF(AND(SUM(INDIRECT("CH"&ROW(CH50) - $BI$4&":CH" & ROW(CH49)))=$BI$4,$CM49<>""),"Sim","") | CT49: =IF(AND(SUM(INDIRECT("CI"&ROW(CI50) - $BI$4&":CI" & ROW(CI49)))=$BI$4,$CM49<>""),"Sim","") | CU49: =IF(AND(SUM(INDIRECT("CJ"&ROW(CJ50) - $BI$4&":CJ" & ROW(CJ49)))=$BI$4,$CM49<>""),"Sim","") | CV49: =IF(AND(SUM(INDIRECT("CK"&ROW(CK50) - $BI$4&":CK" & ROW(CK49)))=$BI$4,$CM49<>""),"Sim","") | CW49: =IF(AND(SUM(INDIRECT("CL"&ROW(CL50) - $BI$4&":CL" & ROW(CL49)))=$BI$4,$CM49<>""),"Sim","") | DU49: =A49 | DV49: =ABA!$A49 | DW49: =IF(DV49<>"",MONTH(DV49),"")
AP50: =IFERROR(AVERAGE(CC50,CD50,CE50,CF50,CG50,CH50,CI50,CJ50,CK50,CL50),"") | CB50: =A50 | CC50: =IFERROR(((B50*(IF(B$11="",INDEX($P$3:$Q$6,MATCH($B$12,$P$3:$P$6,0),2),B$11)))+(C50*(IF(C$11="",INDEX($P$3:$Q$6,MATCH($C$12,$P$3:$P$6,0),2),C$11)))+(D50*IF(D$11="",INDEX($P$3:$Q$6,MATCH($D$12,$P$3:$P$6,0),2),D$11))+(E50*IF(E$11="",INDEX($P$3:$Q$6,MATCH($E$12,$P$3:$P$6,0),2),E$11)))/SUM(B50:E50),"") | CD50: =IFERROR(((F50*(IF(F$11="",INDEX($P$3:$Q$6,MATCH($B$12,$P$3:$P$6,0),2),F$11)))+(G50*(IF(G$11="",INDEX($P$3:$Q$6,MATCH($C$12,$P$3:$P$6,0),2),G$11)))+(H50*IF(H$11="",INDEX($P$3:$Q$6,MATCH($D$12,$P$3:$P$6,0),2),H$11))+(I50*IF(I$11="",INDEX($P$3:$Q$6,MATCH($E$12,$P$3:$P$6,0),2),I$11)))/SUM(F50:I50),"") | CE50: =IFERROR(((J50*(IF(J$11="",INDEX($P$3:$Q$6,MATCH($B$12,$P$3:$P$6,0),2),J$11)))+(K50*(IF(K$11="",INDEX($P$3:$Q$6,MATCH($C$12,$P$3:$P$6,0),2),K$11)))+(L50*IF(L$11="",INDEX($P$3:$Q$6,MATCH($D$12,$P$3:$P$6,0),2),L$11))+(M50*IF(M$11="",INDEX($P$3:$Q$6,MATCH($E$12,$P$3:$P$6,0),2),M$11)))/SUM(J50:M50),"") | CF50: =IFERROR(((N50*(IF(N$11="",INDEX($P$3:$Q$6,MATCH($B$12,$P$3:$P$6,0),2),N$11)))+(O50*(IF(O$11="",INDEX($P$3:$Q$6,MATCH($C$12,$P$3:$P$6,0),2),O$11)))+(P50*IF(P$11="",INDEX($P$3:$Q$6,MATCH($D$12,$P$3:$P$6,0),2),P$11))+(Q50*IF(Q$11="",INDEX($P$3:$Q$6,MATCH($E$12,$P$3:$P$6,0),2),Q$11)))/SUM(N50:Q50),"") | CG50: =IFERROR(((R50*(IF(R$11="",INDEX($P$3:$Q$6,MATCH($B$12,$P$3:$P$6,0),2),R$11)))+(S50*(IF(S$11="",INDEX($P$3:$Q$6,MATCH($C$12,$P$3:$P$6,0),2),S$11)))+(T50*IF(T$11="",INDEX($P$3:$Q$6,MATCH($D$12,$P$3:$P$6,0),2),T$11))+(U50*IF(U$11="",INDEX($P$3:$Q$6,MATCH($E$12,$P$3:$P$6,0),2),U$11)))/SUM(R50:U50),"") | CH50: =IFERROR(((V50*(IF(V$11="",INDEX($P$3:$Q$6,MATCH($B$12,$P$3:$P$6,0),2),V$11)))+(W50*(IF(W$11="",INDEX($P$3:$Q$6,MATCH($C$12,$P$3:$P$6,0),2),W$11)))+(X50*IF(X$11="",INDEX($P$3:$Q$6,MATCH($D$12,$P$3:$P$6,0),2),X$11))+(Y50*IF(Y$11="",INDEX($P$3:$Q$6,MATCH($E$12,$P$3:$P$6,0),2),Y$11)))/SUM(V50:Y50),"") | CI50: =IFERROR(((Z50*(IF(Z$11="",INDEX($P$3:$Q$6,MATCH($B$12,$P$3:$P$6,0),2),Z$11)))+(AA50*(IF(AA$11="",INDEX($P$3:$Q$6,MATCH($C$12,$P$3:$P$6,0),2),AA$11)))+(AB50*IF(AB$11="",INDEX($P$3:$Q$6,MATCH($D$12,$P$3:$P$6,0),2),AB$11))+(AC50*IF(AC$11="",INDEX($P$3:$Q$6,MATCH($E$12,$P$3:$P$6,0),2),AC$11)))/SUM(Z50:AC50),"") | CJ50: =IFERROR(((AD50*(IF(AD$11="",INDEX($P$3:$Q$6,MATCH($B$12,$P$3:$P$6,0),2),AD$11)))+(AE50*(IF(AE$11="",INDEX($P$3:$Q$6,MATCH($C$12,$P$3:$P$6,0),2),AE$11)))+(AF50*IF(AF$11="",INDEX($P$3:$Q$6,MATCH($D$12,$P$3:$P$6,0),2),AF$11))+(AG50*IF(AG$11="",INDEX($P$3:$Q$6,MATCH($E$12,$P$3:$P$6,0),2),L$11)))/SUM(AD50:AG50),"") | CK50: =IFERROR(((AH50*(IF(AH$11="",INDEX($P$3:$Q$6,MATCH($B$12,$P$3:$P$6,0),2),AH$11)))+(AI50*(IF(AI$11="",INDEX($P$3:$Q$6,MATCH($C$12,$P$3:$P$6,0),2),AI$11)))+(AJ50*IF(AJ$11="",INDEX($P$3:$Q$6,MATCH($D$12,$P$3:$P$6,0),2),AJ$11))+(AK50*IF(AK$11="",INDEX($P$3:$Q$6,MATCH($E$12,$P$3:$P$6,0),2),AK$11)))/SUM(AH50:AK50),"") | CL50: =IFERROR(((AL50*(IF(AL$11="",INDEX($P$3:$Q$6,MATCH($B$12,$P$3:$P$6,0),2),AL$11)))+(AM50*(IF(AM$11="",INDEX($P$3:$Q$6,MATCH($C$12,$P$3:$P$6,0),2),AM$11)))+(AN50*IF(AN$11="",INDEX($P$3:$Q$6,MATCH($D$12,$P$3:$P$6,0),2),AN$11))+(AO50*IF(AO$11="",INDEX($P$3:$Q$6,MATCH($E$12,$P$3:$P$6,0),2),AO$11)))/SUM(AL50:AO50),"") | CM50: =A50 | CN50: =IF(AND(SUM(INDIRECT("CC"&ROW(CC51) - $BI$4&":CC" & ROW(CC50)))=$BI$4,CM50<>""),"Sim","") | CO50: =IF(AND(SUM(INDIRECT("CD"&ROW(CD51) - $BI$4&":CD" & ROW(CD50)))=$BI$4,$CM50<>""),"Sim","") | CP50: =IF(AND(SUM(INDIRECT("CE"&ROW(CE51) - $BI$4&":CE" & ROW(CE50)))=$BI$4,$CM50<>""),"Sim","") | CQ50: =IF(AND(SUM(INDIRECT("CF"&ROW(CF51) - $BI$4&":CF" & ROW(CF50)))=$BI$4,$CM50<>""),"Sim","") | CR50: =IF(AND(SUM(INDIRECT("CG"&ROW(CG51) - $BI$4&":CG" & ROW(CG50)))=$BI$4,$CM50<>""),"Sim","") | CS50: =IF(AND(SUM(INDIRECT("CH"&ROW(CH51) - $BI$4&":CH" & ROW(CH50)))=$BI$4,$CM50<>""),"Sim","") | CT50: =IF(AND(SUM(INDIRECT("CI"&ROW(CI51) - $BI$4&":CI" & ROW(CI50)))=$BI$4,$CM50<>""),"Sim","") | CU50: =IF(AND(SUM(INDIRECT("CJ"&ROW(CJ51) - $BI$4&":CJ" & ROW(CJ50)))=$BI$4,$CM50<>""),"Sim","") | CV50: =IF(AND(SUM(INDIRECT("CK"&ROW(CK51) - $BI$4&":CK" & ROW(CK50)))=$BI$4,$CM50<>""),"Sim","") | CW50: =IF(AND(SUM(INDIRECT("CL"&ROW(CL51) - $BI$4&":CL" & ROW(CL50)))=$BI$4,$CM50<>""),"Sim","") | DU50: =A50 | DV50: =ABA!$A50 | DW50: =IF(DV50<>"",MONTH(DV50),"")
... AP500: =IFERROR(AVERAGE(CC500,CD500,CE500,CF500,CG500,CH500,CI500,CJ500,CK500,CL500),"") | CB500: =A500 | CC500: =IFERROR(((B500*(IF(B$11="",INDEX($P$3:$Q$6,MATCH($B$12,$P$3:$P$6,0),2),B$11)))+(C500*(IF(C$11="",INDEX($P$3:$Q$6,MATCH($C$12,$P$3:$P$6,0),2),C$11)))+(D500*IF(D$11="",INDEX($P$3:$Q$6,MATCH($D$12,$P$3:$P$6,0),2),D$11))+(E500*IF(E$11="",INDEX($P$3:$Q$6,MATCH($E$12,$P$3:$P$6,0),2),E$11)))/SUM(B500:E500),"") | CD500: =IFERROR(((F500*(IF(F$11="",INDEX($P$3:$Q$6,MATCH($B$12,$P$3:$P$6,0),2),F$11)))+(G500*(IF(G$11="",INDEX($P$3:$Q$6,MATCH($C$12,$P$3:$P$6,0),2),G$11)))+(H500*IF(H$11="",INDEX($P$3:$Q$6,MATCH($D$12,$P$3:$P$6,0),2),H$11))+(I500*IF(I$11="",INDEX($P$3:$Q$6,MATCH($E$12,$P$3:$P$6,0),2),I$11)))/SUM(F500:I500),"") | CE500: =IFERROR(((J500*(IF(J$11="",INDEX($P$3:$Q$6,MATCH($B$12,$P$3:$P$6,0),2),J$11)))+(K500*(IF(K$11="",INDEX($P$3:$Q$6,MATCH($C$12,$P$3:$P$6,0),2),K$11)))+(L500*IF(L$11="",INDEX($P$3:$Q$6,MATCH($D$12,$P$3:$P$6,0),2),L$11))+(M500*IF(M$11="",INDEX($P$3:$Q$6,MATCH($E$12,$P$3:$P$6,0),2),M$11)))/SUM(J500:M500),"") | CF500: =IFERROR(((N500*(IF(N$11="",INDEX($P$3:$Q$6,MATCH($B$12,$P$3:$P$6,0),2),N$11)))+(O500*(IF(O$11="",INDEX($P$3:$Q$6,MATCH($C$12,$P$3:$P$6,0),2),O$11)))+(P500*IF(P$11="",INDEX($P$3:$Q$6,MATCH($D$12,$P$3:$P$6,0),2),P$11))+(Q500*IF(Q$11="",INDEX($P$3:$Q$6,MATCH($E$12,$P$3:$P$6,0),2),Q$11)))/SUM(N500:Q500),"") | CG500: =IFERROR(((R500*(IF(R$11="",INDEX($P$3:$Q$6,MATCH($B$12,$P$3:$P$6,0),2),R$11)))+(S500*(IF(S$11="",INDEX($P$3:$Q$6,MATCH($C$12,$P$3:$P$6,0),2),S$11)))+(T500*IF(T$11="",INDEX($P$3:$Q$6,MATCH($D$12,$P$3:$P$6,0),2),T$11))+(U500*IF(U$11="",INDEX($P$3:$Q$6,MATCH($E$12,$P$3:$P$6,0),2),U$11)))/SUM(R500:U500),"") | CH500: =IFERROR(((V500*(IF(V$11="",INDEX($P$3:$Q$6,MATCH($B$12,$P$3:$P$6,0),2),V$11)))+(W500*(IF(W$11="",INDEX($P$3:$Q$6,MATCH($C$12,$P$3:$P$6,0),2),W$11)))+(X500*IF(X$11="",INDEX($P$3:$Q$6,MATCH($D$12,$P$3:$P$6,0),2),X$11))+(Y500*IF(Y$11="",INDEX($P$3:$Q$6,MATCH($E$12,$P$3:$P$6,0),2),Y$11)))/SUM(V500:Y500),"") | CI500: =IFERROR(((Z500*(IF(Z$11="",INDEX($P$3:$Q$6,MATCH($B$12,$P$3:$P$6,0),2),Z$11)))+(AA500*(IF(AA$11="",INDEX($P$3:$Q$6,MATCH($C$12,$P$3:$P$6,0),2),AA$11)))+(AB500*IF(AB$11="",INDEX($P$3:$Q$6,MATCH($D$12,$P$3:$P$6,0),2),AB$11))+(AC500*IF(AC$11="",INDEX($P$3:$Q$6,MATCH($E$12,$P$3:$P$6,0),2),AC$11)))/SUM(Z500:AC500),"") | CJ500: =IFERROR(((AD500*(IF(AD$11="",INDEX($P$3:$Q$6,MATCH($B$12,$P$3:$P$6,0),2),AD$11)))+(AE500*(IF(AE$11="",INDEX($P$3:$Q$6,MATCH($C$12,$P$3:$P$6,0),2),AE$11)))+(AF500*IF(AF$11="",INDEX($P$3:$Q$6,MATCH($D$12,$P$3:$P$6,0),2),AF$11))+(AG500*IF(AG$11="",INDEX($P$3:$Q$6,MATCH($E$12,$P$3:$P$6,0),2),L$11)))/SUM(AD500:AG500),"") | CK500: =IFERROR(((AH500*(IF(AH$11="",INDEX($P$3:$Q$6,MATCH($B$12,$P$3:$P$6,0),2),AH$11)))+(AI500*(IF(AI$11="",INDEX($P$3:$Q$6,MATCH($C$12,$P$3:$P$6,0),2),AI$11)))+(AJ500*IF(AJ$11="",INDEX($P$3:$Q$6,MATCH($D$12,$P$3:$P$6,0),2),AJ$11))+(AK500*IF(AK$11="",INDEX($P$3:$Q$6,MATCH($E$12,$P$3:$P$6,0),2),AK$11)))/SUM(AH500:AK500),"") | CL500: =IFERROR(((AL500*(IF(AL$11="",INDEX($P$3:$Q$6,MATCH($B$12,$P$3:$P$6,0),2),AL$11)))+(AM500*(IF(AM$11="",INDEX($P$3:$Q$6,MATCH($C$12,$P$3:$P$6,0),2),AM$11)))+(AN500*IF(AN$11="",INDEX($P$3:$Q$6,MATCH($D$12,$P$3:$P$6,0),2),AN$11))+(AO500*IF(AO$11="",INDEX($P$3:$Q$6,MATCH($E$12,$P$3:$P$6,0),2),AO$11)))/SUM(AL500:AO500),"") | CM500: =A500 | CN500: =IF(AND(SUM(INDIRECT("CC"&ROW(CC501) - $BI$4&":CC" & ROW(CC500)))=$BI$4,CM500<>""),"Sim","") | CO500: =IF(AND(SUM(INDIRECT("CD"&ROW(CD501) - $BI$4&":CD" & ROW(CD500)))=$BI$4,$CM500<>""),"Sim","") | CP500: =IF(AND(SUM(INDIRECT("CE"&ROW(CE501) - $BI$4&":CE" & ROW(CE500)))=$BI$4,$CM500<>""),"Sim","") | CQ500: =IF(AND(SUM(INDIRECT("CF"&ROW(CF501) - $BI$4&":CF" & ROW(CF500)))=$BI$4,$CM500<>""),"Sim","") | CR500: =IF(AND(SUM(INDIRECT("CG"&ROW(CG501) - $BI$4&":CG" & ROW(CG500)))=$BI$4,$CM500<>""),"Sim","") | CS500: =IF(AND(SUM(INDIRECT("CH"&ROW(CH501) - $BI$4&":CH" & ROW(CH500)))=$BI$4,$CM500<>""),"Sim","") | CT500: =IF(AND(SUM(INDIRECT("CI"&ROW(CI501) - $BI$4&":CI" & ROW(CI500)))=$BI$4,$CM500<>""),"Sim","") | CU500: =IF(AND(SUM(INDIRECT("CJ"&ROW(CJ501) - $BI$4&":CJ" & ROW(CJ500)))=$BI$4,$CM500<>""),"Sim","") | CV500: =IF(AND(SUM(INDIRECT("CK"&ROW(CK501) - $BI$4&":CK" & ROW(CK500)))=$BI$4,$CM500<>""),"Sim","") | CW500: =IF(AND(SUM(INDIRECT("CL"&ROW(CL501) - $BI$4&":CL" & ROW(CL500)))=$BI$4,$CM500<>""),"Sim","") | DU500: =A500 | DV500: =ABA!$A500 | DW500: =IF(DV500<>"",MONTH(DV500),"")

Sheet Página3
